ra,fase,idade,indicador_desempenho_academico,indicador_engajamento,indicador_psicossocial,indicador_autoavaliacao,dimensao_academica,dimensao_psicossocial
1275,Fase Alfa,8,8.0,8.6666666665,6.26,10.002,8.33333333325,8.131
1276,Fase Alfa,8,8.0,9.3333333335,3.76,10.002,8.66666666675,6.881
1277,Fase Alfa,8,8.0,9.0833333335,3.76,10.002,8.54166666675,6.881
868,Fase Alfa,8,7.0,9.75,3.76,8.002,8.375,5.881
1278,Fase Alfa,9,7.5,4.1666666665,3.76,9.002,5.83333333325,6.381
1279,Fase Alfa,9,8.25,10.0,6.26,10.002,9.125,8.131
861,Fase Alfa,9,10.0,10.0,7.51,9.502,10.0,8.506
862,Fase Alfa,10,7.5,8.6136363635,7.51,9.002,8.05681818175,8.256
1280,Fase Alfa,9,8.5,9.5454545455,6.26,10.002,9.02272727275,8.131
1281,Fase Alfa,9,9.25,9.5454545455,6.26,7.918,9.39772727275,7.089
895,Fase Alfa,9,9.5,9.5454545455,6.26,9.502,9.52272727275,7.881
884,Fase Alfa,8,8.75,8.818181818,6.26,10.002,8.784090909,8.131
1282,Fase Alfa,9,9.25,8.1136363635,6.26,9.502,8.68181818175,7.881
889,Fase Alfa,9,9.75,9.2954545455,6.26,8.502,9.52272727275,7.381
867,Fase Alfa,9,8.5,7.409090909,7.51,9.002,7.9545454545,8.256
1283,Fase Alfa,10,9.0,9.230769231,7.51,10.002,9.1153846155,8.756
891,Fase Alfa,10,8.75,9.0454545455,6.26,10.002,8.89772727275,8.131
1284,Fase Alfa,8,10.0,9.347826087,2.51,9.002,9.6739130435,5.756
1012,Fase Alfa,9,9.75,9.523809524,2.51,9.502,9.636904762,6.006
1285,Fase Alfa,7,8.0,8.830227742999998,2.51,10.002,8.4151138715,6.256
1286,Fase Alfa,7,7.0,5.051759834,2.51,8.002,6.025879917,5.256
1287,Fase Alfa,8,7.75,9.3064182195,2.51,10.002,8.52820910975,6.256
1288,Fase Alfa,7,10.0,7.9813664595,2.51,9.002,8.990683229750001,5.756
1289,Fase Alfa,10,7.75,9.4444444445,7.51,7.002,8.59722222225,7.256
1290,Fase Alfa,9,8.75,10.0,7.51,10.002,9.375,8.756
1291,Fase Alfa,9,8.25,9.5,7.51,9.502,8.875,8.506
885,Fase Alfa,9,8.5,10.0,7.51,8.502,9.25,8.006
1292,Fase Alfa,9,8.25,4.7727272725,7.51,7.502,6.51136363625,7.506
1293,Fase Alfa,9,8.5,9.4949494945,7.51,8.002,8.99747474725,7.756
888,Fase Alfa,8,8.5,10.0,6.88,9.002,9.25,7.941000000000001
1294,Fase Alfa,10,7.75,10.0,7.51,9.502,8.875,8.506
1009,Fase Alfa,9,7.5,6.8863636365000005,2.51,8.002,7.19318181825,5.256
1013,Fase Alfa,8,7.75,5.6937799039999994,2.51,9.002,6.721889952,5.756
1295,Fase Alfa,8,7.5,9.5227272725,2.51,10.002,8.51136363625,6.256
1296,Fase Alfa,9,6.5,8.4444444445,2.51,9.002,7.47222222225,5.756
863,Fase Alfa,8,5.5,3.159090909,2.51,8.502,4.3295454545,5.506
1297,Fase Alfa,8,9.25,9.761904762,2.51,9.502,9.505952381,6.006
1014,Fase Alfa,8,5.25,7.8863636365000005,2.51,8.502,6.56818181825,5.506
880,Fase Alfa,8,6.5,8.445652174,2.51,9.502,7.472826087,6.006
886,Fase Alfa,8,8.75,10.0,8.13,9.502,9.375,8.816
1298,Fase Alfa,8,6.75,6.643356643500001,7.51,9.502,6.69667832175,8.506
1299,Fase Alfa,10,6.5,7.638888889,7.51,8.502,7.0694444445,8.006
904,Fase Alfa,8,6.0,8.75,7.51,9.502,7.375,8.506
1300,Fase Alfa,8,9.0,8.75,2.51,8.502,8.875,5.506
1301,Fase Alfa,8,7.0,2.9166666665000003,2.51,9.502,4.95833333325,6.006
1302,Fase Alfa,8,4.0,5.416666667,2.51,10.002,4.708333333500001,6.256
1303,Fase Alfa,8,10.0,10.0,2.51,10.002,10.0,6.256
1304,Fase Alfa,10,6.0,7.9575163395,8.135,9.002,6.97875816975,8.5685
1305,Fase Alfa,10,4.75,8.710526316,2.51,8.502,6.730263158,5.506
1306,Fase Alfa,8,9.75,10.0,8.135,9.002,9.875,8.5685
702,Fase Alfa,10,9.25,9.75,2.51,9.002,9.5,5.756
725,Fase Alfa,10,7.25,7.6710526315,7.51,7.502,7.46052631575,7.506
912,Fase Alfa,10,7.25,9.4736842105,7.51,9.002,8.36184210525,8.256
918,Fase Alfa,8,2.75,8.697368421,2.51,7.918,5.7236842105,5.214
920,Fase Alfa,9,8.25,7.6710526315,7.51,9.502,7.96052631575,8.506
1307,Fase Alfa,8,5.5,5.833333333500001,6.255,10.002,5.66666666675,8.1285
1308,Fase Alfa,9,6.0,7.445652174,7.51,10.002,6.722826087,8.756
1309,Fase Alfa,7,7.5,9.1666666665,7.51,9.002,8.33333333325,8.256
1310,Fase Alfa,7,10.0,9.375,2.51,8.502,9.6875,5.506
1311,Fase Alfa,8,0.0,9.166666667,2.51,9.002,4.5833333335,5.756
1312,Fase Alfa,9,6.5,8.333333333,7.51,10.002,7.4166666665,8.756
1313,Fase Alfa,8,6.25,8.125,7.51,9.502,7.1875,8.506
1314,Fase Alfa,7,9.0,8.541666667,7.51,7.418,8.7708333335,7.464
1315,Fase Alfa,7,9.0,8.3333333335,7.51,6.834,8.66666666675,7.172
921,Fase Alfa,8,6.0,8.6631016045,7.51,8.502,7.33155080225,8.006
1316,Fase Alfa,9,7.75,8.20855615,7.51,9.002,7.979278075,8.256
1317,Fase Alfa,9,10.0,7.0721925135,7.51,7.502,8.53609625675,7.506
897,Fase Alfa,10,6.0,2.7525252525,2.51,7.002,4.37626262625,4.756
908,Fase Alfa,9,4.75,8.14171123,7.51,8.502,6.445855615,8.006
916,Fase Alfa,10,2.75,7.3320158105,2.51,8.502,5.04100790525,5.506
924,Fase Alfa,9,7.0,4.598930481,7.51,7.002,5.7994652405,7.256
925,Fase Alfa,8,4.75,7.005347594,7.51,8.002,5.877673797,7.756
1008,Fase Alfa,9,7.0,6.483957219,7.51,7.002,6.7419786095,7.256
919,Fase Alfa,10,5.25,4.692513369,6.255,7.002,4.9712566845,6.6285
1318,Fase Alfa,8,5.0,7.6871657755000005,7.51,8.502,6.34358288775,8.006
1003,Fase Alfa,9,8.25,8.6944444445,7.51,8.002,8.47222222225,7.756
1004,Fase Alfa,9,7.5,9.25,7.51,9.502,8.375,8.506
1006,Fase Alfa,9,5.0,8.4444444445,7.51,8.502,6.72222222225,8.006
1319,Fase Alfa,9,8.5,5.7516339865,7.51,8.502,7.12581699325,8.006
858,Fase Alfa,9,8.25,6.833333333500001,2.51,9.002,7.54166666675,5.756
905,Fase Alfa,10,3.0,7.7794117645,7.51,9.002,5.38970588225,8.256
907,Fase Alfa,9,8.75,8.9444444445,7.51,9.002,8.84722222225,8.256
1320,Fase Alfa,10,8.25,9.1666666665,7.51,9.002,8.70833333325,8.256
909,Fase Alfa,11,8.25,8.1666666665,7.51,10.002,8.20833333325,8.756
729,Fase Alfa,10,6.0,8.4166666665,2.51,8.002,7.20833333325,5.256
1321,Fase Alfa,7,8.75,8.875,6.885,9.002,8.8125,7.9435
1322,Fase Alfa,8,7.5,9.0,7.51,9.502,8.25,8.506
1323,Fase Alfa,9,7.0,9.0833333335,7.51,10.002,8.04166666675,8.756
1324,Fase Alfa,9,8.5,10.0,7.51,10.002,9.25,8.756
931,Fase Alfa,9,8.5,8.5833333335,2.51,7.918,8.54166666675,5.214
1325,Fase Alfa,8,10.0,9.5227272725,7.51,9.002,9.76136363625,8.256
1326,Fase Alfa,8,4.5,9.2916666665,7.51,9.002,6.89583333325,8.256
1327,Fase Alfa,7,7.5,9.3333333335,7.51,9.002,8.41666666675,8.256
1328,Fase Alfa,8,10.0,8.2083333335,7.51,8.502,9.10416666675,8.006
1329,Fase Alfa,8,6.5,10.0,7.51,9.502,8.25,8.506
1330,Fase Alfa,8,9.5,9.3333333335,7.51,10.002,9.41666666675,8.756
1331,Fase Alfa,7,7.25,7.291666666499999,7.51,9.002,7.27083333325,8.256
944,Fase Alfa,10,9.0,7.25,7.51,9.002,8.125,8.256
1332,Fase Alfa,10,8.25,9.411764706,7.51,8.502,8.830882353,8.006
754,Fase Alfa,11,6.25,6.25,5.625,8.502,6.25,7.0635
1333,Fase Alfa,9,9.25,10.0,6.255,7.502,9.625,6.8785
934,Fase Alfa,9,8.5,9.75,7.51,9.502,9.125,8.506
1334,Fase Alfa,9,9.0,10.0,5.625,10.002,9.5,7.8135
941,Fase Alfa,9,8.75,9.25,5.01,8.002,9.0,6.506
756,Fase Alfa,11,5.5,8.75,7.51,10.002,7.125,8.756
1335,Fase Alfa,10,8.75,9.75,7.51,9.002,9.25,8.256
773,Fase Alfa,10,5.0,8.75,2.51,10.002,6.875,6.256
938,Fase Alfa,10,7.75,9.544513457499999,7.51,9.502,8.64725672875,8.506
1336,Fase Alfa,8,9.5,6.2008281575,2.51,9.502,7.85041407875,6.006
1337,Fase Alfa,10,6.0,4.722222222,7.51,8.002,5.361111111,7.756
1338,Fase Alfa,8,3.0,8.6607142855,7.51,8.002,5.83035714275,7.756
1339,Fase Alfa,8,8.75,10.0,6.885,8.502,9.375,7.6935
1340,Fase Alfa,8,10.0,8.392857143,7.51,9.502,9.1964285715,8.506
1341,Fase Alfa,9,10.0,9.246031746,7.51,10.002,9.623015873,8.756
947,Fase Alfa,9,4.5,7.619047619,7.51,9.002,6.0595238095,8.256
1342,Fase Alfa,8,9.0,9.761904762,7.51,9.502,9.380952381,8.506
1343,Fase Alfa,7,9.75,10.0,7.51,8.002,9.875,7.756
1344,Fase Alfa,8,10.0,10.0,7.51,8.502,10.0,8.006
945,Fase Alfa,9,8.75,9.511904762,2.51,9.002,9.130952381,5.756
946,Fase Alfa,8,4.5,8.7976190475,2.51,9.502,6.64880952375,6.006
1345,Fase Alfa,9,6.25,9.4590643275,7.51,8.502,7.85453216375,8.006
771,Fase Alfa,9,6.5,6.619047619,3.135,8.502,6.5595238095,5.8185
1346,Fase Alfa,8,5.5,8.0595238095,7.51,9.502,6.77976190475,8.506
1347,Fase Alfa,9,5.0,8.7857142855,2.51,8.502,6.89285714275,5.506
949,Fase Alfa,9,6.5,8.7857142855,7.51,9.002,7.64285714275,8.256
950,Fase Alfa,9,7.0,9.023809524,7.51,9.502,8.011904762,8.506
951,Fase Alfa,8,4.0,9.0357142855,2.51,10.002,6.51785714275,6.256
1002,Fase Alfa,10,9.25,7.833333333500001,7.51,9.002,8.54166666675,8.256
774,Fase Alfa,10,3.75,6.3928571430000005,2.51,10.002,5.0714285715,6.256
749,Fase Alfa,10,8.75,9.7368421055,8.13,9.502,9.24342105275,8.816
929,Fase Alfa,9,6.75,9.4736842105,7.51,9.002,8.11184210525,8.256
930,Fase Alfa,9,8.0,9.7368421055,7.51,8.502,8.86842105275,8.006
787,Fase Alfa,10,7.25,9.75,7.51,9.002,8.5,8.256
1348,Fase Alfa,8,9.0,8.5913312695,7.51,7.502,8.79566563475,7.506
935,Fase Alfa,10,8.5,10.0,7.51,9.502,9.25,8.506
1349,Fase Alfa,10,8.5,8.388888889,7.51,8.002,8.4444444445,7.756
937,Fase Alfa,9,7.5,10.0,9.38,10.002,8.75,9.691
1350,Fase Alfa,10,8.5,10.0,8.755,8.502,9.25,8.6285
1351,Fase Alfa,9,8.75,9.230769231,8.13,9.002,8.9903846155,8.566
959,Fase Alfa,9,9.5,9.7368421055,7.51,10.002,9.61842105275,8.756
1352,Fase Alfa,9,8.5,9.5,8.13,10.002,9.0,9.066
1353,Fase Alfa,10,3.0,9.5,7.51,8.002,6.25,7.756
1354,Fase Alfa,10,6.0,8.3636363635,7.51,9.502,7.18181818175,8.506
979,Fase Alfa,9,8.25,9.5227272725,7.51,9.502,8.88636363625,8.506
1355,Fase Alfa,10,7.0,6.5227272725,7.51,10.002,6.76136363625,8.756
971,Fase Alfa,9,6.75,7.909090909,7.51,7.418,7.3295454545,7.464
972,Fase Alfa,9,6.75,8.3863636365,7.51,9.502,7.56818181825,8.506
965,Fase Alfa,10,2.25,6.4772727275,7.51,9.002,4.36363636375,8.256
973,Fase Alfa,10,3.75,9.318181818,7.51,10.002,6.534090909,8.756
1356,Fase Alfa,8,5.5,9.4444444445,7.51,9.002,7.47222222225,8.256
966,Fase Alfa,10,9.0,8.568181818,7.51,9.502,8.784090909,8.506
1357,Fase Alfa,9,6.75,7.5,7.51,8.002,7.125,7.756
969,Fase Alfa,9,7.25,7.8636363634999995,7.51,9.002,7.55681818175,8.256
1358,Fase Alfa,7,4.0,7.380952381,5.01,9.168,5.6904761905,7.0889999999999995
1359,Fase Alfa,7,6.0,9.0,5.635,8.502,7.5,7.0685
1360,Fase Alfa,8,5.0,7.0018115945,7.51,8.502,6.000905797250001,8.006
1361,Fase Alfa,8,10.0,9.375,5.635,9.502,9.6875,7.5685
975,Fase Alfa,8,8.0,7.708333333500001,5.01,8.502,7.85416666675,6.756
1362,Fase Alfa,7,8.5,6.875,5.635,10.002,7.6875,7.8185
977,Fase Alfa,8,7.0,7.291666666499999,6.26,10.002,7.14583333325,8.131
1363,Fase Alfa,7,6.5,10.0,5.635,7.418,8.25,6.5265
981,Fase Alfa,8,6.0,7.010869565,6.26,9.002,6.5054347825,7.631
1364,Fase Alfa,9,8.75,8.4166666665,7.51,8.002,8.58333333325,7.756
1365,Fase Alfa,9,6.5,9.7916666665,6.26,9.002,8.14583333325,7.631
1366,Fase Alfa,8,6.5,6.6032608695,7.51,9.002,6.55163043475,8.256
974,Fase Alfa,8,6.5,9.282608695499999,7.51,9.502,7.891304347749999,8.506
1367,Fase Alfa,8,8.75,8.3804347825,7.51,10.002,8.56521739125,8.756
1368,Fase Alfa,8,9.5,10.0,7.51,7.002,9.75,7.256
1369,Fase Alfa,7,8.0,8.6304347825,6.26,8.502,8.31521739125,7.381
978,Fase Alfa,8,6.5,9.5,6.26,9.502,8.0,7.881
1370,Fase Alfa,9,9.0,8.722222222,7.51,10.002,8.861111111,8.756
1371,Fase Alfa,11,4.5,6.9782608695,7.51,7.502,5.73913043475,7.506
1372,Fase Alfa,8,4.75,10.0,8.13,9.502,7.375,8.816
1373,Fase Alfa,9,6.75,8.8804347825,7.51,9.502,7.81521739125,8.506
1374,Fase Alfa,9,5.25,9.347826087,7.51,9.502,7.2989130435,8.506
1375,Fase Alfa,9,8.25,10.0,7.51,9.502,9.125,8.506
1376,Fase Alfa,9,9.75,9.6153846155,7.51,9.002,9.68269230775,8.256
994,Fase Alfa,9,8.25,9.532608695499999,6.88,9.002,8.89130434775,7.941000000000001
1377,Fase Alfa,8,5.5,10.0,8.13,9.002,7.75,8.566
1378,Fase Alfa,10,6.75,9.2857142855,8.13,9.002,8.01785714275,8.566
1379,Fase Alfa,8,7.25,8.6842105265,3.755,9.502,7.96710526325,6.628500000000001
1380,Fase Alfa,8,8.0,8.784461152999999,4.385,9.502,8.3922305765,6.9435
770,Fase Alfa,9,5.0,9.022556391,7.51,10.002,7.0112781955,8.756
1381,Fase Alfa,8,9.5,10.0,8.13,9.502,9.75,8.816
1382,Fase Alfa,9,7.5,9.761904762,7.51,8.502,8.630952381,8.006
1383,Fase Alfa,8,8.5,9.2606516295,7.51,8.502,8.88032581475,8.006
1384,Fase Alfa,10,5.0,7.5689223055,7.51,8.002,6.28446115275,7.756
1385,Fase Alfa,8,8.0,10.0,4.385,10.002,9.0,7.1935
1386,Fase Alfa,8,7.25,9.761904762,7.51,9.002,8.505952381,8.256
1387,Fase Alfa,8,8.0,8.759398496,7.51,9.502,8.379699248,8.506
1388,Fase Alfa,8,5.0,8.214285713999999,6.88,9.002,6.6071428569999995,7.941000000000001
1389,Fase Alfa,7,10.0,9.7916666665,6.88,9.002,9.89583333325,7.941000000000001
1390,Fase Alfa,7,8.25,9.7916666665,5.005,9.502,9.02083333325,7.253500000000001
1391,Fase Alfa,7,10.0,9.2916666665,7.51,8.502,9.64583333325,8.006
1392,Fase Alfa,9,0.0,5.625,7.51,9.002,2.8125,8.256
1393,Fase Alfa,7,5.0,7.5,3.755,9.502,6.25,6.628500000000001
990,Fase 1,10,8.0,7.5,7.51,9.502,7.75,8.506
1394,Fase 1,10,5.75,8.6944444445,7.51,9.502,7.22222222225,8.506
991,Fase 1,10,6.5,8.181818182,6.26,9.002,7.340909091,7.631
1018,Fase 1,10,8.25,7.727272727,6.26,8.502,7.9886363634999995,7.381
1395,Fase 1,9,7.75,10.0,7.51,9.502,8.875,8.506
1396,Fase 1,11,6.5,10.0,7.51,9.502,8.25,8.506
1025,Fase 1,10,9.0,7.727272727,7.51,9.002,8.3636363635,8.256
1019,Fase 1,9,8.75,9.3073593075,6.26,9.502,9.02867965375,7.881
879,Fase 1,10,8.5,9.090909091,6.26,9.502,8.7954545455,7.881
1020,Fase 1,10,9.0,9.7727272725,6.88,9.002,9.38636363625,7.941000000000001
1021,Fase 1,10,8.0,9.318181818,7.51,9.502,8.659090909,8.506
1022,Fase 1,10,6.5,9.318181818,6.26,9.502,7.909090909,7.881
1397,Fase 1,10,7.0,10.0,6.26,9.002,8.5,7.631
699,Fase 1,11,6.5,7.727272727000001,6.26,6.334,7.1136363635,6.297
1398,Fase 1,11,8.0,9.555335968,7.51,6.918,8.777667984,7.214
871,Fase 1,10,7.25,9.328063240999999,4.38,8.502,8.2890316205,6.441000000000001
1399,Fase 1,11,6.0,9.7727272725,5.005,9.002,7.88636363625,7.003500000000001
873,Fase 1,12,6.75,10.0,6.88,8.002,8.375,7.441000000000001
898,Fase 1,10,7.5,10.0,7.51,6.418,8.75,6.964
750,Fase 1,12,3.75,5.938735178,4.38,6.249,4.844367589,5.3145
899,Fase 1,9,8.25,9.1007905135,5.635,10.002,8.67539525675,7.8185
878,Fase 1,11,6.75,6.1363636360000005,4.38,9.002,6.443181818,6.691000000000001
893,Fase 1,10,9.25,10.0,7.51,9.002,9.625,8.256
1024,Fase 1,11,10.0,10.0,7.51,8.002,10.0,7.756
900,Fase 1,9,8.5,9.318181818,8.13,9.002,8.909090909,8.566
903,Fase 1,9,5.0,9.7727272725,7.505,10.002,7.38636363625,8.7535
1400,Fase 1,9,7.25,6.6501976285,7.51,8.418,6.9500988142499995,7.9639999999999995
851,Fase 1,10,6.0,7.3221343875,5.63,9.002,6.66106719375,7.316000000000001
1028,Fase 1,12,7.5,7.055335968,5.63,8.002,7.277667984,6.816000000000001
922,Fase 1,9,7.75,9.5227272725,7.51,9.002,8.63636363625,8.256
684,Fase 1,9,4.25,9.090909091,7.51,10.002,6.6704545455,8.756
1031,Fase 1,11,6.25,8.6363636365,7.51,9.502,7.44318181825,8.506
892,Fase 1,9,8.75,10.0,7.51,8.002,9.375,7.756
1029,Fase 1,10,8.75,8.7954545455,6.885,9.002,8.77272727275,7.9435
1032,Fase 1,11,8.0,9.75,7.51,8.502,8.875,8.006
894,Fase 1,10,9.5,10.0,7.51,10.002,9.75,8.756
1401,Fase 1,13,10.0,8.888888889,7.51,6.918,9.4444444445,7.214
896,Fase 1,8,6.5,9.7727272725,7.51,8.502,8.13636363625,8.006
693,Fase 1,9,8.0,9.5227272725,9.38,10.002,8.76136363625,9.691
743,Fase 1,11,7.0,9.2727272725,7.51,9.002,8.13636363625,8.256
681,Fase 1,11,2.5,7.840909091,6.26,9.502,5.1704545455,7.881
1035,Fase 1,10,7.0,9.0227272725,7.51,9.502,8.01136363625,8.506
850,Fase 1,10,7.75,9.2727272725,6.255,10.002,8.51136363625,8.1285
1402,Fase 1,10,7.25,9.5454545455,7.51,10.002,8.39772727275,8.756
1403,Fase 1,11,8.75,9.3073593075,7.51,9.002,9.02867965375,8.256
1404,Fase 1,9,7.5,9.090909091,7.51,8.502,8.2954545455,8.006
923,Fase 1,9,5.5,7.9545454545,7.51,8.002,6.72727272725,7.756
847,Fase 1,11,1.0,4.5454545455,5.01,9.002,2.77272727275,7.006
1405,Fase 1,10,8.75,8.6363636365,7.51,8.002,8.69318181825,7.756
1406,Fase 1,10,7.5,8.8636363635,7.51,8.002,8.18181818175,7.756
1407,Fase 1,10,5.75,9.318181818,7.51,10.002,7.534090909,8.756
1408,Fase 1,11,6.75,8.409090909,7.51,10.002,7.5795454545,8.756
1409,Fase 1,10,7.25,9.0909090905,7.51,10.002,8.17045454525,8.756
1410,Fase 1,11,6.25,8.1136363635,7.51,9.002,7.18181818175,8.256
874,Fase 1,10,7.75,4.696969697,6.26,9.502,6.2234848485,7.881
1411,Fase 1,11,2.75,9.5,6.26,9.002,6.125,7.631
1412,Fase 1,10,9.75,9.3073593075,7.51,10.002,9.52867965375,8.756
690,Fase 1,11,6.25,8.409090909,7.51,7.918,7.3295454545,7.714
1413,Fase 1,12,7.25,8.593073593,7.51,9.002,7.9215367965,8.256
1414,Fase 1,10,8.5,9.2965367965,6.885,9.502,8.89826839825,8.1935
995,Fase 1,12,2.0,5.3896103895,5.635,10.002,3.69480519475,7.8185
853,Fase 1,10,6.25,9.5833333335,6.26,8.502,7.91666666675,7.381
854,Fase 1,9,7.0,10.0,6.26,9.502,8.5,7.881
1415,Fase 1,10,6.75,9.7727272725,6.26,8.002,8.26136363625,7.131
842,Fase 1,10,7.5,7.549407115,6.26,8.502,7.5247035575000005,7.381
700,Fase 1,11,5.25,9.564393939,5.635,8.502,7.4071969695,7.0685
1416,Fase 1,12,7.75,8.2765151515,7.51,8.502,8.01325757575,8.006
911,Fase 1,12,4.5,4.772727273,7.51,8.002,4.6363636365000005,7.756
859,Fase 1,9,8.0,9.337121212,7.51,8.002,8.668560606,7.756
860,Fase 1,9,8.5,9.7916666665,7.51,9.002,9.14583333325,8.256
727,Fase 1,10,8.5,8.4848484845,6.26,10.002,8.49242424225,8.131
1417,Fase 1,10,9.0,9.337121212,7.51,9.002,9.168560606,8.256
910,Fase 1,9,7.5,8.674242424500001,7.51,8.502,8.08712121225,8.006
840,Fase 1,10,8.0,9.337121212,7.51,9.502,8.668560606,8.506
926,Fase 1,10,7.0,9.7727272725,7.51,9.002,8.38636363625,8.256
1418,Fase 1,11,8.25,9.128787879,7.51,8.502,8.6893939395,8.006
927,Fase 1,10,6.5,9.318181818,7.51,8.002,7.909090909,7.756
672,Fase 1,11,0.0,3.9525691700000003,6.26,7.918,1.9762845850000001,7.089
1043,Fase 1,11,8.25,7.994071146,7.51,10.002,8.122035573,8.756
738,Fase 1,10,7.25,7.292490119,6.885,10.002,7.2712450595,8.4435
1419,Fase 1,10,7.5,10.0,7.51,8.502,8.75,8.006
704,Fase 1,12,6.5,8.646245059,5.635,7.502,7.5731225295,6.5685
705,Fase 1,12,3.5,6.4285714285,5.005,9.002,4.96428571425,7.003500000000001
740,Fase 1,11,8.0,9.555335968,7.51,9.002,8.777667984,8.256
741,Fase 1,12,3.75,5.2964426875,5.005,8.418,4.52322134375,6.711499999999999
1420,Fase 1,12,4.5,5.520833333500001,6.26,7.918,5.01041666675,7.089
709,Fase 1,12,6.0,7.994071146,7.51,7.418,6.997035573,7.464
1421,Fase 1,11,7.5,6.777777778,7.51,9.002,7.138888889,8.256
1422,Fase 1,11,4.75,7.5,7.51,9.502,6.125,8.506
1423,Fase 1,11,5.75,5.3125,7.51,8.502,5.53125,8.006
733,Fase 1,10,9.25,10.0,7.51,10.002,9.625,8.756
836,Fase 1,11,2.75,6.439393939,7.51,9.502,4.5946969695,8.506
1424,Fase 1,12,7.25,8.9444444445,7.51,9.002,8.09722222225,8.256
1425,Fase 1,12,7.0,6.7976190475,7.51,9.002,6.89880952375,8.256
1426,Fase 1,11,2.75,5.845238095,7.51,9.502,4.2976190475,8.506
716,Fase 1,11,5.75,5.5335968375,7.51,9.002,5.64179841875,8.256
1049,Fase 1,11,4.5,8.03030303,7.51,9.502,6.265151515,8.506
1427,Fase 1,11,8.0,10.0,7.51,9.502,9.0,8.506
1052,Fase 1,10,8.25,9.128787879,6.26,5.834,8.6893939395,6.047
719,Fase 1,12,6.5,7.3484848485,7.51,10.002,6.92424242425,8.756
1055,Fase 1,12,5.5,5.7954545455,7.51,10.002,5.64772727275,8.756
747,Fase 1,12,2.25,8.095238095,5.005,10.002,5.1726190475,7.503500000000001
928,Fase 1,9,8.75,10.0,7.51,8.002,9.375,7.756
748,Fase 1,11,7.75,10.0,7.51,9.502,8.875,8.506
769,Fase 1,11,6.0,5.9523809525,7.51,10.002,5.97619047625,8.756
876,Fase 1,9,3.75,9.0476190475,7.51,8.502,6.39880952375,8.006
776,Fase 1,11,0.0,5.9523809525,5.63,7.917,2.97619047625,6.7735
753,Fase 1,10,8.5,9.047619048,7.51,10.002,8.773809524,8.756
601,Fase 1,10,8.75,10.0,7.505,9.502,9.375,8.5035
831,Fase 1,10,7.75,9.523809524,6.26,10.002,8.636904762,8.131
1067,Fase 1,11,6.75,8.333333332999999,7.51,10.002,7.541666666499999,8.756
1058,Fase 1,10,7.75,8.095238095,6.88,9.168,7.9226190475,8.024
757,Fase 1,11,7.0,9.285714286000001,7.51,9.502,8.142857143,8.506
794,Fase 1,10,3.0,6.9047619045,7.51,9.502,4.9523809522499995,8.506
587,Fase 1,12,6.25,7.380952381,7.51,9.002,6.8154761905,8.256
826,Fase 1,10,6.75,10.0,6.26,10.002,8.375,8.131
789,Fase 1,9,5.25,9.047619048,7.51,9.002,7.148809524,8.256
1056,Fase 1,10,8.25,9.2857142855,7.51,8.502,8.76785714275,8.006
1428,Fase 1,10,8.0,8.8562091505,7.51,8.502,8.42810457525,8.006
830,Fase 1,11,6.75,7.619047619,5.63,9.002,7.1845238095,7.316000000000001
780,Fase 1,11,6.0,10.0,5.63,9.502,8.0,7.566000000000001
1057,Fase 1,10,8.0,10.0,6.26,10.002,9.0,8.131
1062,Fase 1,10,7.25,9.047619048,5.63,8.002,8.148809524,6.816000000000001
1429,Fase 1,11,7.75,8.888888889,7.51,9.502,8.3194444445,8.506
1430,Fase 1,11,6.25,10.0,7.51,8.502,8.125,8.006
767,Fase 1,12,8.25,9.0476190475,7.51,9.502,8.64880952375,8.506
943,Fase 1,9,8.0,10.0,7.51,10.002,9.0,8.756
782,Fase 1,10,7.75,7.8571428569999995,7.51,9.502,7.8035714285,8.506
795,Fase 1,10,9.5,9.761904762,6.26,9.502,9.630952381,7.881
1431,Fase 1,11,8.0,7.7432712215,7.51,9.002,7.871635610749999,8.256
1432,Fase 1,10,9.5,10.0,7.51,10.002,9.75,8.756
1433,Fase 1,10,8.75,9.068322981,7.51,8.502,8.9091614905,8.006
1434,Fase 1,10,9.0,7.9813664595,6.26,8.502,8.490683229750001,7.381
958,Fase 1,9,10.0,10.0,6.26,10.002,10.0,8.131
961,Fase 1,10,5.5,8.8923395445,6.26,9.002,7.19616977225,7.631
1435,Fase 1,10,7.5,7.833333333500001,7.51,9.502,7.66666666675,8.506
755,Fase 1,10,9.75,10.0,7.51,10.002,9.875,8.756
1436,Fase 1,11,8.0,8.674948240500001,7.51,7.418,8.33747412025,7.464
1437,Fase 1,11,8.0,9.347826087,7.51,8.502,8.6739130435,8.006
1438,Fase 1,10,7.0,9.0,7.51,10.002,8.0,8.756
1439,Fase 1,11,8.5,10.0,7.51,7.502,9.25,7.506
1440,Fase 1,10,4.5,9.544513457499999,7.51,9.002,7.0222567287499995,8.256
1441,Fase 1,9,8.5,9.109730849,7.51,9.502,8.8048654245,8.506
1442,Fase 1,13,7.25,8.674948240500001,7.51,8.002,7.9624741202500005,7.756
1443,Fase 1,13,6.75,7.5,6.26,6.918,7.125,6.589
1444,Fase 1,11,6.0,5.277777778,7.51,8.502,5.638888889,8.006
956,Fase 1,12,3.25,6.017786561,6.885,9.502,4.633893280500001,8.1935
952,Fase 1,9,8.5,9.545454545,6.26,9.502,9.0227272725,7.881
939,Fase 1,12,5.0,8.8833992095,5.63,9.002,6.94169960475,7.316000000000001
953,Fase 1,9,8.5,6.85770751,6.26,9.002,7.6788537550000004,7.631
954,Fase 1,9,7.75,8.8833992095,6.26,9.502,8.31669960475,7.881
792,Fase 1,11,3.25,5.2865612650000005,7.51,8.502,4.2682806325,8.006
1000,Fase 1,9,7.75,9.5454545455,6.26,9.002,8.64772727275,7.631
763,Fase 1,11,5.25,8.8636363635,6.26,9.002,7.05681818175,7.631
1001,Fase 1,10,7.75,9.347826087,7.51,7.502,8.5489130435,7.506
1445,Fase 1,10,7.25,9.5,7.51,9.502,8.375,8.506
1446,Fase 1,9,0.0,6.6501976285,6.26,8.002,3.32509881425,7.131
768,Fase 1,12,5.5,7.9841897235,6.26,9.002,6.74209486175,7.631
1447,Fase 1,11,5.25,9.7368421055,7.51,9.502,7.49342105275,8.506
980,Fase 1,9,6.25,9.058441558,7.51,9.002,7.654220779,8.256
982,Fase 1,8,8.25,8.365800865499999,7.51,10.002,8.30790043275,8.756
1448,Fase 1,13,6.0,9.5346320345,7.51,9.002,7.76731601725,8.256
1070,Fase 1,12,2.25,9.3073593075,5.635,9.002,5.77867965375,7.3185
985,Fase 1,9,7.5,10.0,6.26,8.502,8.75,7.381
986,Fase 1,9,8.5,9.2965367965,6.26,10.002,8.89826839825,8.131
810,Fase 1,10,9.0,9.4736842105,5.635,7.502,9.23684210525,6.5685
987,Fase 1,9,7.5,9.0692640695,7.51,9.002,8.28463203475,8.256
988,Fase 1,10,7.75,10.0,7.51,9.502,8.875,8.506
805,Fase 1,10,6.0,9.523809524,4.38,8.502,7.761904762,6.441000000000001
806,Fase 1,10,6.75,6.9047619045,7.51,8.502,6.8273809522499995,8.006
807,Fase 1,10,7.0,7.8571428569999995,7.51,9.002,7.4285714285,8.256
808,Fase 1,10,8.75,10.0,7.51,9.002,9.375,8.256
963,Fase 1,10,7.5,9.761904762,7.51,7.502,8.630952381,7.506
989,Fase 1,10,6.0,7.8571428569999995,6.26,9.502,6.9285714285,7.881
964,Fase 1,10,7.25,8.333333332999999,7.51,9.502,7.791666666499999,8.506
1449,Fase 1,10,6.75,8.3333333335,7.51,7.418,7.54166666675,7.464
801,Fase 1,10,8.0,5.75,7.51,9.002,6.875,8.256
1450,Fase 1,9,3.5,8.571428571,7.51,9.502,6.0357142855,8.506
984,Fase 1,9,7.0,9.761904762,7.51,9.502,8.380952381,8.506
1451,Fase 1,11,6.0,8.8095238095,7.51,10.002,7.40476190475,8.756
967,Fase 1,11,4.75,3.5714285715,7.51,9.502,4.16071428575,8.506
968,Fase 1,10,7.75,8.8095238095,7.51,9.002,8.27976190475,8.256
521,Fase 2,11,6.25,9.0357142855,5.005,8.002,7.64285714275,6.503500000000001
821,Fase 2,11,4.25,5.9166666665,7.51,8.502,5.08333333325,8.006
1075,Fase 2,13,6.0,8.5154061625,3.755,7.5,7.25770308125,5.6274999999999995
1048,Fase 2,11,6.25,6.833333333500001,6.255,8.502,6.54166666675,7.378500000000001
1082,Fase 2,13,3.75,7.5714285715,10.0,7.502,5.66071428575,8.751
698,Fase 2,10,4.5,8.3214285715,6.88,9.002,6.41071428575,7.941000000000001
1452,Fase 2,12,7.75,10.0,7.51,9.002,8.875,8.256
1453,Fase 2,12,6.5,7.8214285715,6.25,8.502,7.16071428575,7.376
1454,Fase 2,10,7.75,5.880952381,7.51,8.002,6.8154761905,7.756
1455,Fase 2,12,3.5,7.777777778,7.51,8.002,5.638888889,7.756
529,Fase 2,14,4.25,6.6071428569999995,4.38,7.002,5.4285714285,5.691
1456,Fase 2,11,7.75,9.511904762,7.51,9.502,8.630952381,8.506
1015,Fase 2,11,4.0,7.8214285715,7.51,7.918,5.91071428575,7.714
483,Fase 2,13,5.25,5.6428571430000005,6.26,8.502,5.4464285715,7.381
497,Fase 2,15,1.0,6.095238095,5.63,7.502,3.5476190475,6.566
1457,Fase 2,12,2.75,8.0357142855,7.51,3.498,5.39285714275,5.504
688,Fase 2,11,7.5,10.0,8.13,9.502,8.75,8.816
696,Fase 2,10,5.25,7.845238095,7.51,7.418,6.5476190475,7.464
1458,Fase 2,12,3.25,7.280701754500001,7.51,8.751,5.26535087725,8.1305
1034,Fase 2,11,7.5,8.0833333335,7.51,7.502,7.79166666675,7.506
491,Fase 2,12,5.25,9.011904762,7.51,7.502,7.130952381,7.506
1027,Fase 2,11,5.25,10.0,7.51,9.502,7.625,8.506
1023,Fase 2,10,9.5,9.511904762,9.375,9.502,9.505952381,9.438500000000001
686,Fase 2,11,7.25,8.7857142855,6.885,8.002,8.01785714275,7.4435
480,Fase 2,12,5.0,8.0714285715,7.51,6.25,6.53571428575,6.88
1459,Fase 2,12,3.75,8.2976190475,7.51,8.002,6.02380952375,7.756
1460,Fase 2,12,3.25,7.460526316,7.51,9.502,5.355263158,8.506
1017,Fase 2,12,5.0,7.8095238095,6.26,9.502,6.40476190475,7.881
499,Fase 2,12,4.75,9.0476190475,7.51,8.502,6.89880952375,8.006
514,Fase 2,11,3.0,7.595238095,4.385,9.002,5.2976190475,6.6935
1461,Fase 2,12,2.75,9.273809524,7.51,10.002,6.011904762,8.756
1462,Fase 2,13,6.5,10.0,7.51,8.502,8.25,8.006
1463,Fase 2,12,10.0,9.722222222,7.51,8.502,9.861111111,8.006
1464,Fase 2,13,6.25,7.794871795,7.51,8.002,7.022435897499999,7.756
687,Fase 2,11,7.25,9.2355889725,7.51,7.502,8.24279448625,7.506
1030,Fase 2,12,8.0,8.28320802,4.385,7.418,8.14160401,5.9015
1465,Fase 2,12,5.75,8.75,7.51,7.418,7.25,7.464
522,Fase 2,11,9.0,9.523809524,7.51,8.002,9.261904762,7.756
501,Fase 2,11,8.75,7.9949874685,7.51,7.002,8.37249373425,7.256
1466,Fase 2,12,7.5,7.380952381,7.51,10.002,7.4404761905,8.756
502,Fase 2,10,8.0,9.761904762,3.755,9.002,8.880952381,6.378500000000001
1467,Fase 2,12,9.25,9.022556391,7.51,9.002,9.136278195500001,8.256
1468,Fase 2,12,7.0,8.972431078,7.51,8.502,7.986215539,8.006
527,Fase 2,11,6.0,10.0,7.51,9.002,8.0,8.256
1469,Fase 2,13,4.75,9.4444444445,7.51,8.502,7.09722222225,8.006
1470,Fase 2,12,5.0,6.35610766,6.26,8.002,5.67805383,7.131
1471,Fase 2,13,7.5,7.195652174,7.51,10.002,7.347826087,8.756
710,Fase 2,12,6.75,8.170995671,5.625,9.168,7.4604978355,7.3965
1472,Fase 2,11,8.75,10.0,7.51,8.502,9.375,8.006
837,Fase 2,10,6.75,9.782608695499999,6.885,7.502,8.26630434775,7.1935
549,Fase 2,12,5.75,7.204968943999999,6.255,10.002,6.4774844719999995,8.1285
571,Fase 2,13,5.25,8.695652174,4.375,7.002,6.972826087,5.6884999999999994
731,Fase 2,12,2.5,4.188311688500001,4.375,9.502,3.3441558442500003,6.9385
707,Fase 2,12,6.5,7.7236842105,4.375,7.917,7.11184210525,6.146
1044,Fase 2,11,7.0,9.523809524,7.51,7.502,8.261904762,7.506
1054,Fase 2,13,6.25,7.3291925465,7.51,9.502,6.78959627325,8.506
721,Fase 2,10,8.25,9.544513457499999,8.135,9.002,8.89725672875,8.5685
1473,Fase 2,13,5.25,8.4368530025,5.625,9.502,6.84342650125,7.5635
735,Fase 2,12,8.0,9.782608695499999,6.255,8.002,8.89130434775,7.128500000000001
712,Fase 2,13,6.75,5.983436853,5.625,7.502,6.3667184265,6.5634999999999994
1103,Fase 2,11,7.25,7.763975155000001,7.51,8.502,7.5069875775,8.006
570,Fase 2,12,6.75,8.0020703935,5.625,8.002,7.37603519675,6.8135
713,Fase 2,11,6.75,7.525879916999999,7.51,8.002,7.1379399585,7.756
737,Fase 2,11,9.25,8.6542443065,6.885,8.502,8.95212215325,7.6935
1474,Fase 2,11,7.5,7.960662526,5.625,8.002,7.730331263,6.8135
1036,Fase 2,12,7.0,9.0890269155,7.51,10.002,8.04451345775,8.756
576,Fase 2,12,9.25,10.0,7.51,8.502,9.625,8.006
577,Fase 2,12,8.0,5.7660455485,5.625,8.502,6.88302277425,7.0635
580,Fase 2,12,9.25,8.871635610999999,7.51,9.002,9.0608178055,8.256
581,Fase 2,12,8.75,8.198757764,5.625,7.418,8.474378882,6.5215
841,Fase 2,12,3.25,6.3272311215000006,7.51,10.002,4.78861556075,8.756
730,Fase 2,11,9.5,7.152777778,6.885,8.002,8.326388889,7.4435
855,Fase 2,10,8.5,10.0,7.51,9.002,9.25,8.256
820,Fase 2,11,6.25,6.573529412,7.51,10.002,6.411764706,8.756
715,Fase 2,11,2.75,5.250626566499999,3.755,9.002,4.00031328325,6.378500000000001
1038,Fase 2,11,8.5,7.5438596495,7.51,8.002,8.02192982475,7.756
1475,Fase 2,10,5.0,8.070175439,7.51,9.002,6.5350877195,8.256
1039,Fase 2,13,7.25,9.722222222,7.51,8.002,8.486111111,7.756
745,Fase 2,11,8.5,10.0,6.26,9.002,9.25,7.631
718,Fase 2,10,9.5,9.5138888885,5.635,10.002,9.50694444425,7.8185
1040,Fase 2,12,8.25,8.5416666665,7.51,9.502,8.39583333325,8.506
746,Fase 2,10,8.0,7.4305555555,7.51,8.502,7.71527777775,8.006
1069,Fase 2,12,6.25,7.0760869565,7.51,9.002,6.66304347825,8.256
1476,Fase 2,11,8.5,10.0,5.635,9.502,9.25,7.5685
827,Fase 2,12,7.25,9.782608695499999,5.01,10.002,8.51630434775,7.506
1477,Fase 2,11,5.0,8.010869565,7.51,8.002,6.5054347825,7.756
762,Fase 2,14,3.75,6.4239130435,6.26,10.002,5.08695652175,8.131
778,Fase 2,11,7.0,8.1235697945,7.51,10.002,7.56178489725,8.756
591,Fase 2,13,7.5,7.913043478500001,6.255,7.418,7.70652173925,6.8365
1478,Fase 2,11,4.25,6.666666667,6.255,8.002,5.458333333500001,7.128500000000001
829,Fase 2,10,8.0,9.75,9.38,9.502,8.875,9.441
1479,Fase 2,12,4.25,6.1965811965,7.51,8.502,5.22329059825,8.006
1480,Fase 2,12,5.5,8.875,7.51,8.502,7.1875,8.006
438,Fase 2,12,8.25,8.6630434785,7.51,9.168,8.45652173925,8.338999999999999
607,Fase 2,12,7.0,7.4782608695,7.51,8.502,7.23913043475,8.006
1481,Fase 2,12,4.75,8.782608695499999,7.51,8.502,6.766304347749999,8.006
1482,Fase 2,14,0.0,5.0,7.51,8.502,2.5,8.006
1483,Fase 2,11,6.5,7.913043478500001,7.51,9.502,7.20652173925,8.506
1484,Fase 2,14,7.0,10.0,6.26,9.002,8.5,7.631
1485,Fase 2,13,5.0,7.7432712215,5.625,9.002,6.371635610749999,7.3135
1486,Fase 2,11,5.75,5.431372549,6.26,8.002,5.590686274499999,7.131
597,Fase 2,11,6.0,9.3271221535,7.51,9.002,7.66356107675,8.256
624,Fase 2,12,4.0,8.219461698,7.51,8.002,6.109730849,7.756
1487,Fase 2,13,8.25,9.5652173915,6.26,10.002,8.90760869575,8.131
1488,Fase 2,11,3.5,7.111801242,7.51,8.002,5.305900621,7.756
1489,Fase 2,12,5.0,5.793478261000001,6.26,9.002,5.3967391305,7.631
600,Fase 2,11,7.5,8.010869565,7.51,8.002,7.7554347825,7.756
663,Fase 2,12,6.5,7.0910973085,5.625,8.502,6.79554865425,7.0635
1490,Fase 2,12,7.75,9.5652173915,6.26,8.502,8.65760869575,7.381
1491,Fase 2,12,6.5,6.25,7.51,9.002,6.375,8.256
1066,Fase 2,11,7.25,8.3954451345,6.26,9.502,7.82272256725,7.881
1492,Fase 2,9,8.0,8.8141025645,7.51,8.002,8.40705128225,7.756
834,Fase 2,11,8.75,9.109730849,6.26,8.002,8.9298654245,7.131
784,Fase 2,11,8.75,9.7727272725,5.635,8.002,9.26136363625,6.8185
1059,Fase 2,11,7.5,10.0,6.26,8.002,8.75,7.131
612,Fase 2,12,9.75,9.5454545455,6.26,8.002,9.64772727275,7.131
1060,Fase 2,12,3.25,6.0,6.26,9.585,4.625,7.9225
761,Fase 2,11,7.25,8.8636363635,6.26,8.502,8.05681818175,7.381
1493,Fase 2,12,4.0,7.8468899525,7.51,8.502,5.92344497625,8.006
665,Fase 2,12,4.75,5.068181818,5.63,8.334,4.909090909,6.981999999999999
1115,Fase 2,12,6.25,4.2676767675,7.51,8.002,5.25883838375,7.756
1061,Fase 2,11,8.5,10.0,6.26,8.502,9.25,7.381
1495,Fase 2,11,8.25,8.318181818,7.51,9.002,8.284090909,8.256
606,Fase 2,11,3.25,7.6136363634999995,6.885,8.502,5.43181818175,7.6935
594,Fase 2,12,7.0,5.75,6.26,6.918,6.375,6.589
1496,Fase 2,12,4.25,5.714285714500001,7.51,9.002,4.98214285725,8.256
1498,Fase 2,13,7.0,7.840909091,7.51,8.502,7.4204545455,8.006
1499,Fase 2,12,6.5,9.25,6.885,8.418,7.875,7.6514999999999995
788,Fase 2,10,5.75,9.519450801,6.26,8.418,7.6347254005,7.3389999999999995
1500,Fase 2,11,3.5,8.3333333335,6.885,9.502,5.91666666675,8.1935
777,Fase 2,10,4.5,8.7757437075,7.51,8.002,6.63787185375,7.756
1063,Fase 2,12,7.75,9.75,7.51,5.25,8.75,6.38
664,Fase 2,12,5.75,6.7734553775,7.51,9.002,6.26172768875,8.256
1501,Fase 2,11,5.0,10.0,7.51,9.502,7.5,8.506
764,Fase 2,10,6.0,7.8804347825,7.51,8.002,6.94021739125,7.756
1064,Fase 2,11,8.5,9.7368421055,7.51,9.502,9.11842105275,8.506
1065,Fase 2,11,9.25,8.8152173915,6.26,9.502,9.03260869575,7.881
1502,Fase 2,12,5.25,7.628205128,7.51,8.002,6.439102564000001,7.756
781,Fase 2,11,7.25,9.75,7.51,8.002,8.5,7.756
608,Fase 2,11,4.25,3.054347826,6.885,9.002,3.652173913,7.9435
796,Fase 2,12,5.25,8.2212885155,7.51,8.502,6.73564425775,8.006
797,Fase 2,12,7.25,4.840909091,7.51,9.168,6.0454545455,8.338999999999999
636,Fase 2,12,5.25,4.9043062200000005,7.51,8.002,5.07715311,7.756
1140,Fase 2,12,7.0,6.112440191499999,7.51,6.834,6.55622009575,7.172
1503,Fase 2,13,2.75,10.0,7.51,7.502,6.375,7.506
814,Fase 2,11,7.5,9.090909091,7.51,7.418,8.2954545455,7.464
637,Fase 2,12,7.75,6.2272727275,7.51,7.502,6.98863636375,7.506
652,Fase 2,11,5.5,6.931818182000001,7.51,8.002,6.215909091,7.756
816,Fase 2,11,9.25,9.7727272725,7.51,7.002,9.51136363625,7.256
1504,Fase 2,12,6.75,4.6136363634999995,5.63,7.5,5.68181818175,6.5649999999999995
638,Fase 2,11,5.0,5.7272727275,7.51,8.502,5.36363636375,8.006
1505,Fase 2,13,3.75,7.5252525255,7.51,9.502,5.6376262627500004,8.506
643,Fase 2,12,4.5,6.8660287085,7.51,9.002,5.68301435425,8.256
645,Fase 2,12,5.25,8.3863636365,7.51,7.418,6.81818181825,7.464
1068,Fase 2,11,9.5,9.068181818,7.51,9.502,9.284090909,8.506
798,Fase 2,12,4.75,3.5064935065,7.51,6.834,4.12824675325,7.172
799,Fase 2,11,5.25,9.090909091,7.51,7.918,7.1704545455,7.714
1506,Fase 2,11,3.5,8.3874458875,7.51,8.002,5.94372294375,7.756
802,Fase 2,11,8.75,7.012987013,7.51,7.502,7.8814935065,7.506
1507,Fase 2,12,5.0,4.448051948,7.51,6.918,4.724025974,7.214
1071,Fase 2,12,4.5,4.188311688500001,7.51,8.002,4.34415584425,7.756
1508,Fase 2,10,9.25,7.2294372295,7.51,7.502,8.23971861475,7.506
1509,Fase 2,11,7.5,6.5151515155,7.51,8.502,7.007575757750001,8.006
1510,Fase 2,11,10.0,9.7727272725,7.51,10.002,9.88636363625,8.756
785,Fase 2,11,9.0,10.0,7.51,9.502,9.5,8.506
1511,Fase 2,11,8.75,9.3271221535,7.51,10.002,9.03856107675,8.756
752,Fase 2,12,5.75,7.525879916999999,7.51,9.502,6.6379399585,8.506
790,Fase 2,13,6.75,6.811594203,7.51,7.502,6.7807971015,7.506
590,Fase 2,12,4.0,8.457556936,6.26,8.002,6.228778468,7.131
1512,Fase 2,10,5.5,10.0,7.51,9.502,7.75,8.506
472,Fase 2,14,6.25,7.48447205,7.51,7.502,6.867236025,7.506
628,Fase 2,13,9.0,10.0,7.51,9.002,9.5,8.256
1513,Fase 2,12,3.75,7.5252525255,7.51,8.502,5.6376262627500004,8.006
1514,Fase 2,12,5.5,7.979797980000001,7.51,9.002,6.73989899,8.256
629,Fase 2,11,6.0,9.523809524,7.51,10.002,7.761904762,8.756
832,Fase 2,11,8.0,8.695652174,7.51,9.002,8.347826087,8.256
1515,Fase 2,12,3.5,6.6666666665,6.255,6.418,5.08333333325,6.3365
833,Fase 2,11,8.0,9.3271221535,7.51,9.002,8.66356107675,8.256
819,Fase 2,10,9.0,7.784679089,7.51,10.002,8.3923395445,8.756
1073,Fase 3,13,6.5,6.370972886666667,7.5,9.168,6.435486443333334,8.334
494,Fase 3,13,6.333333333333333,7.329323308333333,8.755,7.5,6.831328320833332,8.127500000000001
484,Fase 3,13,0.0,3.9141382866666667,2.51,8.334,1.9570691433333334,5.422
496,Fase 3,13,5.666666666666667,5.315995871999999,6.255,10.002,5.491331269333333,8.1285
1516,Fase 3,13,4.666666666666667,5.404288499000001,9.38,9.585,5.035477582833334,9.482500000000002
1143,Fase 3,16,3.1666666666666665,5.201336675,9.38,9.585,4.184001670833333,9.482500000000002
1517,Fase 3,15,4.666666666666667,4.305555555666667,9.38,9.168,4.486111111166667,9.274000000000001
1518,Fase 3,15,1.75,5.714285714333333,9.38,7.084,3.7321428571666666,8.232
227,Fase 3,13,6.5,8.097577276666668,9.38,9.585,7.298788638333334,9.482500000000002
487,Fase 3,12,9.666666666666666,9.441269841333334,9.38,9.168,9.553968254,9.274000000000001
1076,Fase 3,13,6.333333333333333,7.777033492666668,8.125,8.334,7.055183413,8.2295
1084,Fase 3,12,3.6666666666666665,7.705263158,5.63,8.751,5.685964912333334,7.1905
1519,Fase 3,15,4.833333333333333,5.560902255666666,8.755,9.585,5.1971177944999996,9.170000000000002
490,Fase 3,12,6.166666666666667,5.5110047846666665,8.755,9.168,5.838835725666667,8.961500000000001
346,Fase 3,12,6.166666666666667,9.149206349333333,2.51,10.002,7.657936508000001,6.256
546,Fase 3,13,4.666666666666667,3.7838383836666662,8.135,5.832,4.225252525166667,6.983499999999999
1087,Fase 3,13,2.6666666666666665,8.393265993333333,8.755,7.917,5.52996633,8.336
493,Fase 3,11,3.1666666666666665,8.933333333333334,10.0,10.002,6.05,10.001000000000001
1520,Fase 3,14,3.75,9.060606060666666,8.75,8.334,6.405303030333333,8.542
1072,Fase 3,12,8.166666666666666,5.627886710333333,8.755,8.751,6.8972766885,8.753
1521,Fase 3,14,3.1666666666666665,6.157902555,2.51,7.5,4.662284610833333,5.005
536,Fase 3,11,5.5,9.109090909,8.135,8.334,7.3045454545,8.2345
1079,Fase 3,13,6.333333333333333,4.516498316333333,2.51,7.5,5.424915824833333,5.005
331,Fase 3,14,3.5,7.735353535333334,8.755,8.751,5.6176767676666675,8.753
1522,Fase 3,13,7.0,10.0,9.38,8.751,8.5,9.0655
1096,Fase 3,11,8.5,9.866666666666667,8.755,9.168,9.183333333333334,8.961500000000001
513,Fase 3,11,7.666666666666667,8.831746031666666,8.135,10.002,8.249206349166666,9.0685
531,Fase 3,12,6.666666666666667,9.803921568666667,4.38,9.168,8.235294117666667,6.773999999999999
1523,Fase 3,11,8.166666666666666,9.283272283333334,8.755,6.666,8.724969475,7.710500000000001
1524,Fase 3,14,4.0,2.777777777666667,7.51,7.917,3.3888888888333337,7.7135
1147,Fase 3,15,3.1666666666666665,6.125925926,8.755,8.751,4.646296296333333,8.753
479,Fase 3,12,9.666666666666666,9.866666666666667,2.51,9.168,9.766666666666666,5.8389999999999995
517,Fase 3,14,5.0,5.266499582333334,2.51,7.5,5.1332497911666675,5.005
325,Fase 3,12,7.0,9.866666666666667,7.51,9.168,8.433333333333334,8.338999999999999
1525,Fase 3,13,7.0,8.293650793666666,5.63,7.917,7.646825396833333,6.7735
518,Fase 3,12,4.0,6.8300751879999995,2.51,8.334,5.415037593999999,5.422
1146,Fase 3,15,2.0,5.017209691,6.88,10.002,3.5086048455,8.441
530,Fase 3,12,4.5,6.468838763666667,9.38,8.751,5.484419381833334,9.0655
524,Fase 3,13,8.666666666666666,5.111779448666667,2.51,7.083,6.889223057666666,4.7965
578,Fase 3,12,9.833333333333334,10.0,2.51,10.002,9.916666666666668,6.256
526,Fase 3,14,7.333333333333333,9.382456140333334,8.13,9.585,8.357894736833334,8.857500000000002
528,Fase 3,13,6.666666666666667,5.793483709333334,7.51,9.168,6.230075188000001,8.338999999999999
516,Fase 3,11,8.833333333333334,10.0,2.51,10.002,9.416666666666668,6.256
534,Fase 3,14,5.0,6.043441938333333,7.51,9.585,5.521720969166667,8.5475
1097,Fase 3,15,3.0,4.849791144666667,6.25,10.002,3.9248955723333334,8.126000000000001
360,Fase 3,14,5.833333333333333,5.618045113,5.0,8.334,5.7256892231666665,6.667
1526,Fase 3,13,3.75,10.0,8.75,9.168,6.875,8.959
508,Fase 3,12,4.666666666666667,5.567251461999999,7.51,7.083,5.116959064333333,7.2965
363,Fase 3,14,5.333333333333333,9.523809524,5.625,9.585,7.428571428666666,7.605
340,Fase 3,13,5.166666666666667,6.585769980666666,7.51,7.917,5.8762183236666665,7.7135
1527,Fase 3,13,8.0,10.0,7.51,9.168,9.0,8.338999999999999
509,Fase 3,13,6.0,6.363636363666667,2.51,9.168,6.181818181833334,5.8389999999999995
500,Fase 3,12,6.666666666666667,10.0,2.51,9.585,8.333333333333334,6.0475
1528,Fase 3,13,5.666666666666667,7.787878788,7.51,9.168,6.727272727333334,8.338999999999999
1089,Fase 3,12,6.833333333333333,7.039682539666667,8.13,9.168,6.9365079365,8.649000000000001
1090,Fase 3,14,6.333333333333333,7.621832358666666,7.51,9.585,6.977582845999999,8.5475
503,Fase 3,12,7.666666666666667,9.824561403666666,7.51,9.585,8.745614035166666,8.5475
1093,Fase 3,12,8.666666666666666,7.722222222333333,8.13,7.5,8.1944444445,7.815
1094,Fase 3,12,7.333333333333333,9.523809523666666,2.51,9.168,8.4285714285,5.8389999999999995
1095,Fase 3,14,2.3333333333333335,7.84502924,7.51,7.5,5.089181286666666,7.505
1098,Fase 3,14,3.5,5.822406257,7.51,8.751,4.6612031285,8.1305
1106,Fase 3,13,0.0,5.4312354313333335,7.51,8.334,2.7156177156666668,7.922
568,Fase 3,16,5.166666666666667,3.2619047620000003,8.13,7.917,4.214285714333334,8.0235
558,Fase 3,16,3.0,3.7763975156666674,8.13,9.168,3.388198757833334,8.649000000000001
559,Fase 3,13,3.1666666666666665,5.705128205,8.13,10.002,4.435897435833334,9.066
1529,Fase 3,14,5.5,7.435897436,7.51,6.666,6.467948718000001,7.088
1111,Fase 3,12,5.0,4.600414078666667,7.5,6.249,4.800207039333333,6.874499999999999
1108,Fase 3,13,3.6666666666666665,3.7546583853333337,8.13,9.168,3.710662526,8.649000000000001
542,Fase 3,13,3.9333333333333336,6.481366459666667,8.13,8.751,5.2073498965,8.4405
543,Fase 3,12,6.833333333333333,9.616977225666666,2.51,8.751,8.2251552795,5.6305
555,Fase 3,14,4.333333333333333,2.7505175983333334,6.885,10.002,3.5419254658333332,8.4435
1531,Fase 3,14,5.833333333333333,7.9726867336666665,7.505,8.751,6.903010033499999,8.128
1099,Fase 3,14,3.8333333333333335,8.133333333333333,10.0,8.334,5.983333333333333,9.167
1154,Fase 3,14,8.0,9.200000000000001,7.51,7.917,8.600000000000001,7.7135
1100,Fase 3,12,4.666666666666667,7.1000000000000005,7.51,7.5,5.883333333333334,7.505
381,Fase 3,15,3.6666666666666665,6.133333333333333,7.51,8.334,4.8999999999999995,7.922
364,Fase 3,13,7.5,9.526143791,7.51,8.751,8.513071895500001,8.1305
539,Fase 3,13,5.833333333333333,9.233333333333333,7.51,10.002,7.533333333333333,8.756
573,Fase 3,13,5.0,9.5,8.755,9.168,7.25,8.961500000000001
1107,Fase 3,13,2.5,6.2,2.51,8.751,4.35,5.6305
368,Fase 3,15,7.0,6.166666666666667,7.51,7.917,6.583333333333334,7.7135
387,Fase 3,15,4.333333333333333,7.166666666666667,7.51,7.5,5.75,7.505
556,Fase 3,13,3.8333333333333335,6.171428571333333,2.51,7.083,5.002380952333334,4.7965
389,Fase 3,13,5.166666666666667,6.674358974333333,8.76,9.585,5.9205128205,9.1725
390,Fase 3,13,4.166666666666667,6.080701754333333,8.755,7.5,5.1236842105000004,8.127500000000001
376,Fase 3,14,2.8333333333333335,8.287284610666667,2.51,10.002,5.5603089720000005,6.256
584,Fase 3,12,4.333333333333333,5.636363636333333,8.755,8.751,4.984848484833333,8.753
535,Fase 3,12,6.0,7.161904762,8.135,9.168,6.5809523809999995,8.651499999999999
547,Fase 3,13,6.833333333333333,7.030620028333334,8.135,8.751,6.931976680833333,8.443
557,Fase 3,12,9.666666666666666,8.756265663999999,7.51,10.002,9.211466165333333,8.756
548,Fase 3,13,6.666666666666667,7.600427350666667,7.51,9.168,7.1335470086666675,8.338999999999999
1102,Fase 3,12,9.333333333333334,9.390476190333333,8.13,8.751,9.361904761833333,8.4405
538,Fase 3,14,6.166666666666667,7.668803418666666,7.51,8.751,6.917735042666667,8.1305
365,Fase 3,11,6.666666666666667,10.0,7.51,9.585,8.333333333333334,8.5475
563,Fase 3,12,8.333333333333334,9.461904762000001,8.135,9.168,8.897619047666668,8.651499999999999
1157,Fase 3,15,7.0,9.082539682666665,7.51,9.585,8.041269841333332,8.5475
258,Fase 3,13,2.5,6.944444444333333,7.51,7.084,4.722222222166666,7.297
369,Fase 3,13,1.6666666666666667,4.908119658333334,7.51,8.751,3.2873931625000004,8.1305
375,Fase 3,13,6.833333333333333,9.443589743666667,7.51,9.585,8.1384615385,8.5475
1533,Fase 3,14,9.5,9.710144927666667,8.135,9.168,9.605072463833334,8.651499999999999
1534,Fase 3,13,1.1666666666666667,9.666666666666666,8.135,7.917,5.416666666666666,8.026
1160,Fase 3,14,3.1666666666666665,8.201288245,7.51,8.751,5.683977455833333,8.1305
562,Fase 3,13,7.833333333333333,9.833333333333334,8.135,8.334,8.833333333333334,8.2345
1112,Fase 3,13,4.0,9.02791197,8.135,9.585,6.513955985,8.86
1535,Fase 3,13,5.833333333333333,5.103121516333333,7.51,8.751,5.468227424833334,8.1305
1536,Fase 3,15,7.0,8.722222222333334,8.135,9.168,7.861111111166667,8.651499999999999
357,Fase 3,14,7.666666666666667,9.028180354333333,8.135,8.751,8.3474235105,8.443
583,Fase 3,14,5.0,8.904455179666668,8.135,7.917,6.952227589833334,8.026
1537,Fase 3,14,8.666666666666666,8.33064949,8.135,9.168,8.498658078333333,8.651499999999999
599,Fase 3,12,7.666666666666667,8.607843137333333,9.375,10.002,8.137254902,9.688500000000001
651,Fase 3,12,7.5,10.0,7.51,9.168,8.75,8.338999999999999
1131,Fase 3,13,8.333333333333334,9.277777777666666,6.255,8.334,8.8055555555,7.294499999999999
403,Fase 3,14,7.666666666666667,7.361111111,7.51,8.751,7.513888888833334,8.1305
1538,Fase 3,13,7.166666666666667,7.935185184999999,8.13,9.168,7.550925925833333,8.649000000000001
469,Fase 3,13,5.0,9.498366013,7.51,9.168,7.2491830065,8.338999999999999
1121,Fase 3,12,6.666666666666667,10.0,7.51,9.585,8.333333333333334,8.5475
1122,Fase 3,12,5.333333333333333,9.861111111,7.51,8.751,7.597222222166666,8.1305
422,Fase 3,14,2.8333333333333335,6.157407407333333,7.51,7.5,4.495370370333333,7.505
1117,Fase 3,12,5.666666666666667,8.314814814666667,7.51,8.751,6.990740740666666,8.1305
1539,Fase 3,13,6.833333333333333,9.027777777666666,6.885,6.667,7.9305555555,6.776
618,Fase 3,15,4.166666666666667,8.324074074,6.88,10.002,6.245370370333333,8.441
669,Fase 3,12,5.333333333333333,4.851851851666666,7.51,7.5,5.092592592499999,7.505
408,Fase 3,14,4.833333333333333,4.981481481666667,7.51,7.5,4.9074074075,7.505
610,Fase 3,11,6.333333333333333,9.694444444333334,3.76,9.585,8.013888888833334,6.6725
409,Fase 3,13,7.166666666666667,9.231481481333333,7.51,9.585,8.199074074,8.5475
464,Fase 3,15,4.333333333333333,7.851461988333334,8.76,9.168,6.092397660833333,8.963999999999999
1165,Fase 3,13,8.0,6.829721362333333,8.135,8.751,7.414860681166667,8.443
466,Fase 3,15,4.0,7.223245614,8.76,8.751,5.611622807,8.7555
414,Fase 3,14,6.0,8.429629629666666,7.51,7.917,7.214814814833333,7.7135
401,Fase 3,14,4.833333333333333,6.839473684333334,6.885,6.666,5.8364035088333335,6.7755
1141,Fase 3,13,4.166666666666667,6.191537667666666,7.51,9.585,5.179102167166667,8.5475
592,Fase 3,12,7.833333333333333,6.108152734666667,2.51,7.917,6.970743034,5.2135
474,Fase 3,15,3.0,5.818518518666667,7.51,9.168,4.409259259333334,8.338999999999999
602,Fase 3,13,7.333333333333333,9.670588235333334,7.51,9.585,8.501960784333333,8.5475
666,Fase 3,12,7.166666666666667,7.881527348,7.51,10.002,7.524097007333333,8.756
604,Fase 3,12,7.0,7.5029927763333335,8.13,8.334,7.251496388166666,8.232
476,Fase 3,14,4.5,6.5964912280000005,7.51,7.917,5.548245614000001,7.7135
423,Fase 3,14,4.333333333333333,6.501135191,8.13,5.833,5.417234262166667,6.9815000000000005
631,Fase 3,14,4.166666666666667,7.2122004356666665,8.75,8.334,5.689433551166667,8.542
658,Fase 3,12,3.6666666666666665,10.0,8.135,8.751,6.833333333333333,8.443
1540,Fase 3,14,2.6666666666666665,5.0,7.51,8.334,3.833333333333333,7.922
1541,Fase 3,13,8.166666666666666,8.633333333333333,6.88,9.168,8.399999999999999,8.024
1114,Fase 3,12,5.0,9.533333333333333,2.51,8.751,7.266666666666667,5.6305
662,Fase 3,13,4.166666666666667,7.6107226106666666,7.51,7.917,5.888694638666667,7.7135
760,Fase 3,13,5.0,7.090909091,7.51,9.168,6.0454545455,8.338999999999999
1542,Fase 3,16,3.1666666666666665,6.304873294333333,8.135,7.501,4.7357699805,7.818
404,Fase 3,14,5.666666666666667,6.286274509666666,2.51,8.334,5.976470588166666,5.422
1119,Fase 3,14,5.666666666666667,8.716666666666667,7.51,9.585,7.191666666666666,8.5475
667,Fase 3,13,4.666666666666667,7.038986354666666,7.51,9.168,5.852826510666667,8.338999999999999
605,Fase 3,13,2.6666666666666665,6.194444444333333,6.885,7.5,4.4305555555,7.1925
1543,Fase 3,14,5.0,8.076923077,7.51,7.5,6.5384615385,7.505
1118,Fase 3,14,3.8333333333333335,7.846439628666666,9.38,7.084,5.839886481,8.232
1544,Fase 3,14,5.833333333333333,8.674509804,6.885,8.334,7.253921568666666,7.6095
1545,Fase 3,12,8.166666666666666,6.210826211,8.13,7.501,7.188746438833332,7.8155
1127,Fase 3,12,5.833333333333333,10.0,7.51,9.168,7.916666666666666,8.338999999999999
1129,Fase 3,12,6.833333333333333,7.137254902,8.13,9.168,6.985294117666666,8.649000000000001
1546,Fase 3,14,4.666666666666667,6.374643874666667,8.75,8.334,5.520655270666667,8.542
1130,Fase 3,12,4.333333333333333,6.278431372666667,8.13,8.751,5.305882352999999,8.4405
1168,Fase 3,14,5.666666666666667,7.682352941333334,7.51,9.585,6.674509804,8.5475
613,Fase 3,15,7.333333333333333,9.566666666666666,7.51,8.334,8.45,7.922
433,Fase 3,14,4.833333333333333,8.380952381,8.13,7.918,6.607142857166666,8.024000000000001
1547,Fase 3,14,6.666666666666667,6.467236467333334,8.13,7.917,6.566951567,8.0235
1548,Fase 3,13,4.833333333333333,5.2421652420000004,7.51,8.334,5.037749287666667,7.922
304,Fase 3,16,7.166666666666667,7.826890756333333,7.51,10.002,7.4967787115,8.756
1549,Fase 3,15,4.166666666666667,7.441394335666668,7.51,9.585,5.804030501166667,8.5475
632,Fase 3,12,4.166666666666667,8.999164578333334,6.875,7.917,6.5829156225,7.396
633,Fase 3,13,3.3333333333333335,4.707017544,2.51,4.584,4.020175438666667,3.5469999999999997
1137,Fase 3,11,3.5,7.588638262333333,8.13,8.334,5.544319131166667,8.232
646,Fase 3,14,6.166666666666667,9.266666666666667,7.51,10.002,7.716666666666667,8.756
1550,Fase 3,15,4.333333333333333,5.222222222,7.51,9.585,4.777777777666667,8.5475
1139,Fase 3,12,4.666666666666667,6.152715121333333,7.51,8.334,5.409690894000001,7.922
444,Fase 3,14,3.6666666666666665,6.377276524666667,2.51,8.334,5.021971595666667,5.422
445,Fase 3,14,4.0,8.715873016,7.51,7.917,6.357936508,7.7135
639,Fase 3,12,3.8333333333333335,5.278195488666667,2.51,7.917,4.555764411,5.2135
1142,Fase 3,12,8.5,9.133333333333333,7.51,8.334,8.816666666666666,7.922
1551,Fase 3,15,3.5,4.7710437709999995,7.51,9.585,4.135521885499999,8.5475
458,Fase 3,15,4.0,3.7396825396666666,6.88,8.751,3.8698412698333335,7.8155
1552,Fase 3,13,3.1666666666666665,9.743589743666666,7.51,9.585,6.455128205166666,8.5475
1170,Fase 3,15,3.5,5.565079365,8.13,9.168,4.5325396824999995,8.649000000000001
642,Fase 3,12,4.0,9.149206349333333,3.76,9.585,6.574603174666667,6.6725
1553,Fase 3,13,4.333333333333333,9.003921568666668,7.51,8.334,6.668627451000001,7.922
1554,Fase 3,15,4.0,9.629629629666667,8.76,6.666,6.814814814833333,7.713
649,Fase 3,14,3.6666666666666665,6.004481792666667,8.76,8.751,4.835574229666666,8.7555
1136,Fase 3,14,1.6666666666666667,4.547899159666667,8.135,8.751,3.107282913166667,8.443
653,Fase 3,13,5.166666666666667,9.537254901999999,8.76,8.751,7.3519607843333326,8.7555
456,Fase 3,13,6.5,9.382456140333334,7.51,7.083,7.941228070166667,7.2965
655,Fase 3,14,6.833333333333333,10.0,8.76,7.501,8.416666666666666,8.1305
656,Fase 3,13,4.166666666666667,5.978431372666667,7.51,9.168,5.072549019666667,8.338999999999999
657,Fase 3,13,7.5,9.6,6.885,8.751,8.55,7.818
1555,Fase 3,13,3.0,10.0,6.255,8.334,6.5,7.294499999999999
461,Fase 3,13,4.5,9.182446312,7.51,8.751,6.841223156,8.1305
398,Fase 3,12,8.0,5.733333333333333,7.51,7.083,6.866666666666667,7.2965
586,Fase 3,11,8.5,9.241269841333333,7.51,9.168,8.870634920666667,8.338999999999999
623,Fase 3,15,4.0,7.3999999999999995,6.885,8.334,5.699999999999999,7.6095
588,Fase 3,11,7.833333333333333,9.833333333333334,7.51,9.168,8.833333333333334,8.338999999999999
626,Fase 3,13,5.333333333333333,3.380451127666667,6.885,9.585,4.3568922305,8.235
1556,Fase 3,14,4.0,5.222222222333333,7.51,7.917,4.611111111166666,7.7135
455,Fase 3,14,4.5,6.111111111,8.13,8.751,5.3055555555,8.4405
614,Fase 3,14,6.833333333333333,9.700000000000001,7.51,9.585,8.266666666666667,8.5475
434,Fase 3,13,5.5,5.061904762,7.51,7.084,5.2809523810000005,7.297
603,Fase 3,12,4.666666666666667,7.155555555666666,6.885,9.585,5.911111111166667,8.235
1133,Fase 3,11,4.5,9.841269841333334,8.75,9.168,7.170634920666667,8.959
616,Fase 3,14,3.8333333333333335,3.087719298333333,6.885,7.5,3.4605263158333335,7.1925
1134,Fase 3,12,6.0,8.914285714,7.51,8.751,7.457142857,8.1305
1557,Fase 3,14,7.0,8.916666666666666,7.51,9.585,7.958333333333333,8.5475
670,Fase 3,12,8.666666666666666,9.441269841333334,7.51,9.585,9.053968254,8.5475
620,Fase 3,14,2.5,3.9841269843333333,7.51,8.334,3.2420634921666664,7.922
1149,Fase 4,15,6.0,10.0,10.0,8.334,8.0,9.167
1558,Fase 4,16,5.5,8.705360238666666,8.755,9.168,7.102680119333333,8.961500000000001
326,Fase 4,14,9.333333333333334,8.973112128333334,6.26,9.168,9.153222730833335,7.7139999999999995
339,Fase 4,13,8.166666666666666,7.155537064000001,5.635,7.5,7.661101865333333,6.5675
179,Fase 4,13,8.166666666666666,9.407894737,9.38,9.168,8.787280701833332,9.274000000000001
1559,Fase 4,15,4.666666666666667,5.2929755216666665,6.885,7.917,4.979821094166667,7.401
332,Fase 4,15,7.0,7.605358505000001,9.38,9.585,7.302679252500001,9.482500000000002
1560,Fase 4,14,8.166666666666666,9.206349206333334,5.635,9.168,8.6865079365,7.4014999999999995
1153,Fase 4,15,8.5,9.702380952333334,5.635,8.751,9.101190476166668,7.193
183,Fase 4,15,7.5,9.249011857666666,6.26,7.917,8.374505928833333,7.0885
199,Fase 4,15,7.166666666666667,7.554824561666667,6.88,8.334,7.360745614166667,7.606999999999999
1561,Fase 4,16,9.0,9.174603174666666,5.0,9.585,9.087301587333332,7.2925
336,Fase 4,15,5.833333333333333,5.512100409000001,6.26,7.5,5.672716871166667,6.88
347,Fase 4,14,7.666666666666667,9.673046251999999,6.885,8.751,8.669856459333333,7.818
397,Fase 4,16,5.666666666666667,7.885292942666666,5.63,7.918,6.775979804666667,6.774
338,Fase 4,14,6.833333333333333,7.441643324,7.51,9.168,7.137488328666667,8.338999999999999
392,Fase 4,16,1.0,5.414731682,5.635,9.585,3.207365841,7.61
352,Fase 4,13,3.1666666666666665,4.453748006333333,6.26,8.334,3.8102073364999995,7.297
1562,Fase 4,16,0.5,8.666666666666666,5.01,6.25,4.583333333333333,5.63
367,Fase 4,13,5.0,7.268170426,6.26,9.168,6.1340852130000005,7.7139999999999995
1563,Fase 4,15,7.0,8.305555555666666,7.51,8.751,7.652777777833333,8.1305
1564,Fase 4,15,2.1666666666666665,4.942067736333334,6.885,8.334,3.5543672015,7.6095
1566,Fase 4,17,6.5,9.247219355666667,7.51,9.168,7.8736096778333335,8.338999999999999
1567,Fase 4,16,8.166666666666666,8.771043771,7.51,8.334,8.468855218833333,7.922
356,Fase 4,14,5.333333333333333,6.656346749333334,5.635,8.334,5.994840041333333,6.9845
1568,Fase 4,15,8.166666666666666,7.493464052333334,7.51,9.168,7.8300653595,8.338999999999999
204,Fase 4,15,7.5,6.827094474333333,6.26,9.168,7.163547237166666,7.7139999999999995
1569,Fase 4,17,2.1666666666666665,7.111111111333334,6.26,6.666,4.638888889,6.463
1570,Fase 4,16,8.333333333333334,7.542087542,7.51,9.585,7.9377104376666665,8.5475
1571,Fase 4,16,5.666666666666667,9.111111111333335,5.005,8.334,7.388888889,6.669499999999999
1572,Fase 4,15,7.5,9.841269841333334,7.51,9.168,8.670634920666668,8.338999999999999
1150,Fase 4,17,6.833333333333333,6.481481481666667,7.51,8.334,6.6574074075,7.922
1573,Fase 4,16,5.0,6.120448179333334,6.26,9.168,5.560224089666667,7.7139999999999995
1574,Fase 4,16,7.333333333333333,8.399470899666667,7.51,8.751,7.8664021165,8.1305
1151,Fase 4,13,9.0,9.722222222333334,5.635,7.5,9.361111111166668,6.5675
1575,Fase 4,16,5.333333333333333,8.624338624,6.885,9.168,6.978835978666666,8.026499999999999
1081,Fase 4,15,8.833333333333334,9.523809523666666,5.005,6.667,9.1785714285,5.836
342,Fase 4,16,4.5,7.728174603333334,6.26,8.751,6.114087301666666,7.5055
1576,Fase 4,16,6.666666666666667,9.523809523666666,5.635,8.334,8.095238095166666,6.9845
187,Fase 4,14,7.833333333333333,9.537037037,5.635,8.751,8.685185185166667,7.193
359,Fase 4,14,5.5,7.162698412666667,6.26,9.168,6.331349206333334,7.7139999999999995
1577,Fase 4,16,4.333333333333333,4.993386243333333,7.51,10.002,4.663359788333333,8.756
236,Fase 4,14,4.5,7.890668700666666,6.26,9.168,6.195334350333333,7.7139999999999995
249,Fase 4,16,5.0,6.645021645,5.0,7.083,5.8225108225,6.0415
239,Fase 4,17,6.666666666666667,6.361737677333333,5.635,8.751,6.514202172,7.193
382,Fase 4,16,3.0,6.324561403666666,5.63,9.168,4.662280701833334,7.398999999999999
383,Fase 4,13,5.833333333333333,8.600288600333334,7.51,9.168,7.216810966833334,8.338999999999999
1155,Fase 4,15,4.666666666666667,8.888888889,5.005,8.334,6.777777777833334,6.669499999999999
384,Fase 4,14,7.5,8.607503607333333,7.51,7.5,8.053751803666668,7.505
1156,Fase 4,13,2.0,7.821067821,7.51,7.5,4.9105339105,7.505
1578,Fase 4,13,7.333333333333333,6.761695906666667,7.51,8.334,7.047514619999999,7.922
388,Fase 4,16,4.333333333333333,6.349206349,7.51,7.5,5.341269841166667,7.505
260,Fase 4,15,7.0,9.674603174666666,7.51,8.751,8.337301587333332,8.1305
395,Fase 4,13,4.333333333333333,6.921693121666666,6.26,8.751,5.6275132275,7.5055
262,Fase 4,17,4.166666666666667,4.854560643666667,7.51,7.917,4.510613655166667,7.7135
1579,Fase 4,16,7.166666666666667,9.090261886999999,5.635,8.751,8.128464276833332,7.193
1580,Fase 4,16,6.166666666666667,9.049953314666666,7.51,8.751,7.608309990666667,8.1305
377,Fase 4,14,5.166666666666667,7.698412698333333,7.51,9.168,6.4325396825,8.338999999999999
250,Fase 4,14,9.166666666666666,9.629629629666667,6.88,9.168,9.398148148166666,8.024
1581,Fase 4,16,6.333333333333333,7.834844760666667,6.26,8.334,7.084089047,7.297
1582,Fase 4,15,4.5,8.069444444333334,6.255,8.334,6.284722222166667,7.294499999999999
1583,Fase 4,15,8.166666666666666,7.753623188333333,6.26,7.917,7.9601449275,7.0885
450,Fase 4,15,7.5,8.954191033333332,5.63,8.751,8.227095516666665,7.1905
426,Fase 4,15,4.833333333333333,7.9050567596666665,4.38,7.917,6.3691950465,6.1485
1584,Fase 4,15,5.5,9.153439153333332,7.51,8.334,7.326719576666666,7.922
313,Fase 4,15,4.833333333333333,9.666666666666666,5.63,8.751,7.25,7.1905
467,Fase 4,15,6.833333333333333,9.140350877333333,5.01,7.917,7.9868421053333325,6.4635
1585,Fase 4,15,4.0,6.775210084333334,7.51,10.002,5.387605042166667,8.756
432,Fase 4,16,5.5,10.0,6.26,7.501,7.75,6.8805
1586,Fase 4,15,5.666666666666667,6.128654970666666,5.01,10.002,5.897660818666667,7.506
470,Fase 4,15,3.3333333333333335,8.011695906666667,7.51,9.585,5.67251462,8.5475
417,Fase 4,14,8.833333333333334,8.401559454333333,7.51,8.334,8.617446393833333,7.922
407,Fase 4,15,3.6666666666666665,7.614522417333333,6.26,8.334,5.640594542,7.297
1587,Fase 4,16,3.75,10.0,7.51,9.168,6.875,8.338999999999999
1588,Fase 4,14,4.0,8.640618640666666,7.51,7.917,6.320309320333333,7.7135
424,Fase 4,14,3.3333333333333335,9.616228070333333,7.51,8.334,6.474780701833334,7.922
1193,Fase 4,15,4.0,7.763157895,5.635,8.751,5.8815789474999995,7.193
411,Fase 4,14,4.833333333333333,9.148148147999999,5.635,7.083,6.990740740666666,6.359
412,Fase 4,14,7.333333333333333,8.456140351,6.26,8.334,7.894736842166667,7.297
428,Fase 4,14,5.0,8.898245614,5.635,9.168,6.949122807,7.4014999999999995
442,Fase 4,13,5.0,5.9151960783333335,5.635,8.334,5.457598039166667,6.9845
301,Fase 4,15,9.0,7.4947368423333325,7.51,9.168,8.247368421166666,8.338999999999999
1163,Fase 4,15,7.833333333333333,9.824561403666666,7.51,8.334,8.8289473685,7.922
402,Fase 4,14,4.166666666666667,3.074074074,6.26,7.5,3.620370370333333,6.88
1162,Fase 4,14,5.666666666666667,9.135672514666666,6.26,7.917,7.401169590666667,7.0885
416,Fase 4,14,8.0,8.972709551666666,7.51,8.751,8.486354775833334,8.1305
303,Fase 4,16,5.666666666666667,3.9520467836666664,7.51,8.751,4.8093567251666665,8.1305
418,Fase 4,12,9.333333333333334,10.0,7.51,8.751,9.666666666666668,8.1305
419,Fase 4,14,8.166666666666666,9.382456140666667,6.26,7.083,8.774561403666667,6.6715
420,Fase 4,13,4.0,9.557894737,6.26,8.334,6.7789473685,7.297
1166,Fase 4,16,6.333333333333333,8.498245614,6.26,8.334,7.415789473666667,7.297
425,Fase 4,14,9.0,10.0,6.26,10.002,9.5,8.131
1590,Fase 4,15,8.666666666666666,8.267770876333332,7.51,7.917,8.467218771499999,7.7135
1591,Fase 4,16,3.5,6.430976431,7.51,7.083,4.965488215500001,7.2965
273,Fase 4,16,4.5,7.323153899,6.26,9.168,5.911576949500001,7.7139999999999995
1592,Fase 4,15,5.5,6.854727398333334,7.51,7.917,6.177363699166667,7.7135
457,Fase 4,14,8.666666666666666,8.743961352333335,7.51,8.334,8.7053140095,7.922
305,Fase 4,16,4.833333333333333,7.898550724666666,6.26,8.334,6.365942028999999,7.297
421,Fase 4,13,6.666666666666667,9.540744978333334,7.51,8.751,8.1037058225,8.1305
1169,Fase 4,15,6.833333333333333,8.444444444333334,5.635,6.25,7.638888888833334,5.9425
1593,Fase 4,15,6.5,4.868875086666667,6.26,6.249,5.684437543333333,6.2545
1594,Fase 4,16,3.0,6.112836439,6.26,9.585,4.556418219499999,7.9225
283,Fase 4,16,8.0,9.761904762,6.885,8.751,8.880952381,7.818
459,Fase 4,14,4.666666666666667,8.454106280333333,5.635,7.917,6.5603864734999995,6.776
454,Fase 4,17,3.6666666666666665,6.633138401666667,6.255,9.585,5.149902534166666,7.92
1595,Fase 4,14,2.3333333333333335,7.949735449666666,6.26,8.334,5.1415343915,7.297
1596,Fase 4,17,3.3333333333333335,10.0,7.51,8.751,6.666666666666667,8.1305
170,Fase 4,16,8.0,8.5,5.635,9.168,8.25,7.4014999999999995
1597,Fase 4,16,2.8333333333333335,8.412698412666666,7.51,7.5,5.623015873,7.505
1171,Fase 4,15,7.5,7.230158729999999,7.51,8.334,7.365079365,7.922
116,Fase 5,18,4.5,7.535353535666666,5.635,8.334,6.017676767833333,6.9845
217,Fase 5,17,7.833333333333333,8.917748917666666,6.26,8.334,8.3755411255,7.297
103,Fase 5,15,9.166666666666666,9.603174603333335,6.26,8.334,9.384920635,7.297
178,Fase 5,16,4.166666666666667,8.739177489333334,6.26,9.585,6.452922078,7.9225
1172,Fase 5,17,3.3333333333333335,6.0634920633333325,6.26,7.5,4.698412698333333,6.88
180,Fase 5,14,8.5,9.431818181666666,7.51,9.168,8.965909090833332,8.338999999999999
181,Fase 5,15,4.333333333333333,8.737373737333334,6.26,7.5,6.535353535333334,6.88
121,Fase 5,17,8.833333333333334,8.152958153,6.26,8.751,8.493145743166668,7.5055
211,Fase 5,15,7.0,9.379509379666667,7.51,9.585,8.189754689833332,8.5475
1198,Fase 5,17,3.5,9.458874459,7.51,8.751,6.4794372295,8.1305
110,Fase 5,16,8.5,9.696969697,6.255,9.168,9.0984848485,7.711499999999999
189,Fase 5,15,8.166666666666666,10.0,6.255,10.002,9.083333333333332,8.1285
127,Fase 5,16,7.833333333333333,9.488636363666666,7.51,8.751,8.6609848485,8.1305
115,Fase 5,17,4.166666666666667,4.164756812,6.26,7.917,4.165711739333334,7.0885
215,Fase 5,15,5.666666666666667,6.455627705333334,6.26,7.084,6.061147186,6.672
1598,Fase 5,15,7.5,8.857142857,7.51,9.585,8.1785714285,8.5475
1174,Fase 5,16,5.0,8.349567099333333,6.26,8.751,6.6747835496666665,7.5055
192,Fase 5,17,7.166666666666667,6.363636363666667,7.51,8.334,6.765151515166667,7.922
220,Fase 5,15,6.833333333333333,8.198051948,6.26,8.751,7.515692640666666,7.5055
186,Fase 5,15,7.166666666666667,9.640151515,6.26,7.917,8.403409090833334,7.0885
1181,Fase 5,15,3.8333333333333335,5.036075036,6.26,9.168,4.434704184666667,7.7139999999999995
1599,Fase 5,17,6.5,9.666666666666666,7.51,8.334,8.083333333333332,7.922
111,Fase 5,15,8.333333333333334,9.488636363666666,6.26,9.168,8.9109848485,7.7139999999999995
1600,Fase 5,17,5.666666666666667,8.425925926,6.26,8.751,7.046296296333333,7.5055
1601,Fase 5,17,6.5,7.0,7.51,8.751,6.75,8.1305
176,Fase 5,15,8.833333333333334,9.545454545333333,6.26,9.585,9.189393939333334,7.9225
1602,Fase 5,15,7.166666666666667,8.782407407333332,7.51,7.917,7.974537036999999,7.7135
1603,Fase 5,16,8.333333333333334,9.259259258999998,7.51,7.5,8.796296296166666,7.505
1604,Fase 5,16,8.5,7.777777778,7.51,9.168,8.138888889,8.338999999999999
193,Fase 5,14,7.0,9.848484848333333,6.26,8.751,8.424242424166668,7.5055
195,Fase 5,15,7.833333333333333,9.682539682666667,6.26,7.5,8.757936508,6.88
196,Fase 5,14,8.0,9.689754689666666,7.51,8.751,8.844877344833332,8.1305
197,Fase 5,14,8.333333333333334,9.848484848333333,6.26,7.5,9.090909090833334,6.88
229,Fase 5,14,8.833333333333334,9.841269841333334,5.635,9.585,9.337301587333334,7.61
202,Fase 5,16,7.5,7.880952381,6.26,8.334,7.6904761905,7.297
1176,Fase 5,14,9.166666666666666,9.682539682666667,6.26,8.751,9.424603174666666,7.5055
1177,Fase 5,15,7.333333333333333,9.824561403666666,6.26,8.751,8.5789473685,7.5055
146,Fase 5,17,9.333333333333334,9.514316093333333,5.635,8.751,9.423824713333333,7.193
1199,Fase 5,18,9.0,8.571428571333334,5.005,7.5,8.785714285666668,6.2524999999999995
1178,Fase 5,17,8.333333333333334,9.682539682666667,6.26,8.751,9.007936508,7.5055
149,Fase 5,17,3.8333333333333335,4.104378593666667,6.26,9.585,3.9688559635000003,7.9225
107,Fase 5,16,4.666666666666667,7.9949874686666655,7.51,7.5,6.330827067666666,7.505
184,Fase 5,14,8.166666666666666,8.696741854666667,6.26,8.751,8.431704260666667,7.5055
1606,Fase 5,17,2.5,5.148148148,7.51,8.334,3.824074074,7.922
1607,Fase 5,16,0.0,6.222222222333333,5.635,5.833,3.1111111111666667,5.734
1608,Fase 5,15,5.0,7.199074074333335,7.51,8.751,6.099537037166668,8.1305
1173,Fase 5,15,5.833333333333333,9.665831245,7.51,9.168,7.749582289166666,8.338999999999999
237,Fase 5,16,7.666666666666667,9.689754689666666,6.26,8.751,8.678210678166666,7.5055
147,Fase 5,16,6.166666666666667,9.277056277,7.51,8.334,7.721861471833334,7.922
131,Fase 5,17,5.0,9.444444444666667,7.51,8.751,7.222222222333333,8.1305
1609,Fase 5,17,6.0,9.666666666666666,7.51,8.334,7.833333333333333,7.922
137,Fase 5,18,6.833333333333333,7.582972583,5.005,9.585,7.208152958166666,7.295
1184,Fase 5,17,7.666666666666667,8.658008657666668,7.51,6.666,8.162337662166667,7.088
138,Fase 5,17,5.833333333333333,8.751803751666666,7.51,9.585,7.2925685425,8.5475
1610,Fase 5,17,5.166666666666667,7.753697970666667,7.51,9.168,6.460182318666667,8.338999999999999
1611,Fase 5,17,4.5,8.361426442,7.51,7.083,6.430713221,7.2965
1612,Fase 5,18,6.166666666666667,8.523809523666666,7.51,6.666,7.345238095166666,7.088
1188,Fase 5,16,7.0,10.0,7.51,9.168,8.5,8.338999999999999
1613,Fase 5,17,3.0,7.1428571430000005,7.51,8.334,5.0714285715,7.922
244,Fase 5,14,9.5,10.0,6.26,7.5,9.75,6.88
267,Fase 5,17,2.0,8.285533910333333,6.26,10.002,5.142766955166667,8.131
1189,Fase 5,16,7.666666666666667,8.672360248333332,7.51,9.585,8.169513457499999,8.5475
113,Fase 5,16,6.666666666666667,7.063851181666667,7.51,8.751,6.8652589241666675,8.1305
152,Fase 5,17,5.166666666666667,7.337719298333333,5.63,7.5,6.2521929825,6.5649999999999995
318,Fase 5,16,4.666666666666667,9.129629629666667,7.51,7.917,6.898148148166667,7.7135
274,Fase 5,13,9.333333333333334,9.648148147999999,5.635,8.334,9.490740740666666,6.9845
319,Fase 5,15,5.833333333333333,9.024122807,7.51,9.585,7.428728070166667,8.5475
160,Fase 5,17,5.666666666666667,7.416666666666667,6.26,8.334,6.541666666666667,7.297
161,Fase 5,15,4.0,7.965686274666666,6.26,8.751,5.982843137333333,7.5055
1614,Fase 5,16,6.5,6.574494949666668,7.51,7.5,6.537247474833334,7.505
164,Fase 5,17,5.666666666666667,8.084795321666666,6.26,9.585,6.875730994166666,7.9225
165,Fase 5,16,8.5,9.431042884999998,7.51,7.5,8.965521442499998,7.505
1615,Fase 5,15,8.333333333333334,9.833333333333334,7.51,7.917,9.083333333333334,7.7135
1616,Fase 5,17,6.166666666666667,8.436274509666667,7.51,8.334,7.3014705881666675,7.922
271,Fase 5,17,7.333333333333333,8.958333333333334,6.26,9.168,8.145833333333334,7.7139999999999995
316,Fase 5,15,8.0,10.0,7.51,9.168,9.0,8.338999999999999
286,Fase 5,16,3.1666666666666665,4.031862745000001,6.26,6.666,3.599264705833334,6.463
320,Fase 5,15,6.666666666666667,10.0,7.51,9.168,8.333333333333334,8.338999999999999
1207,Fase 5,16,5.333333333333333,6.581140350999999,7.51,8.334,5.957236842166666,7.922
158,Fase 5,15,4.0,7.796296296333334,6.26,8.334,5.898148148166667,7.297
306,Fase 5,16,2.8333333333333335,7.699561403666666,7.51,7.917,5.2664473685,7.7135
1618,Fase 5,17,6.333333333333333,7.908496732000001,7.51,8.334,7.120915032666667,7.922
308,Fase 5,15,6.5,8.714912280666667,5.635,7.083,7.607456140333333,6.359
1619,Fase 5,15,4.25,9.259259259333334,7.51,7.501,6.754629629666667,7.5055
299,Fase 5,15,8.166666666666666,8.963768115999999,6.26,8.751,8.565217391333332,7.5055
251,Fase 5,16,4.5,8.612836439,5.63,8.751,6.5564182195,7.1905
157,Fase 5,14,9.666666666666666,10.0,6.26,8.334,9.833333333333332,7.297
1620,Fase 5,16,5.166666666666667,6.666666666666667,7.51,8.751,5.916666666666667,8.1305
321,Fase 5,14,7.166666666666667,9.534706331,6.26,7.917,8.350686498833333,7.0885
1195,Fase 5,18,6.166666666666667,9.855072463666666,5.63,9.585,8.010869565166667,7.6075
1200,Fase 5,16,1.5,7.099419478000001,6.26,7.917,4.299709739000001,7.0885
278,Fase 5,14,9.333333333333334,9.855072463666666,7.51,9.168,9.5942028985,8.338999999999999
85,Fase 5,17,7.666666666666667,8.668046928999999,3.755,8.334,8.167356797833333,6.044499999999999
279,Fase 5,15,9.333333333333334,10.0,7.51,9.168,9.666666666666668,8.338999999999999
1621,Fase 5,17,8.333333333333334,10.0,6.26,7.917,9.166666666666668,7.0885
280,Fase 5,15,9.333333333333334,9.855072463666666,6.26,7.917,9.5942028985,7.0885
1201,Fase 5,16,9.0,9.523809523666666,7.51,8.751,9.261904761833332,8.1305
1622,Fase 5,16,9.666666666666666,10.0,7.51,8.334,9.833333333333332,7.922
132,Fase 6,16,8.333333333333334,8.380952380666665,7.51,8.334,8.357142857,7.922
42,Fase 6,17,8.166666666666666,9.682539682666667,5.635,9.168,8.924603174666666,7.4014999999999995
1623,Fase 6,17,6.0,8.518518518666667,6.26,9.168,7.259259259333334,7.7139999999999995
106,Fase 6,16,5.666666666666667,8.761904762,5.635,9.168,7.214285714333334,7.4014999999999995
123,Fase 6,18,7.166666666666667,8.412698412666666,5.635,7.5,7.789682539666666,6.5675
125,Fase 6,17,6.166666666666667,5.6428571430000005,7.51,8.334,5.904761904833334,7.922
1624,Fase 6,18,7.5,9.460317460333334,7.51,7.917,8.480158730166668,7.7135
1625,Fase 6,17,4.333333333333333,7.112887113,7.51,7.5,5.723110223166667,7.505
1626,Fase 6,16,7.333333333333333,9.696969697,7.51,8.751,8.515151515166666,8.1305
1627,Fase 6,17,7.833333333333333,7.777777777666667,7.51,7.083,7.8055555555,7.2965
1628,Fase 6,16,5.833333333333333,8.509823509666667,7.51,8.334,7.1715784215,7.922
112,Fase 6,17,8.0,7.978174603333333,7.51,7.083,7.989087301666666,7.2965
1629,Fase 6,17,7.25,8.645502645666667,7.51,9.585,7.947751322833334,8.5475
91,Fase 6,18,7.333333333333333,7.476190476333334,5.635,10.002,7.404761904833333,7.8185
167,Fase 6,18,8.166666666666666,9.473684210666667,6.26,8.751,8.820175438666666,7.5055
1203,Fase 6,17,9.0,9.649122807,7.51,9.168,9.324561403499999,8.338999999999999
94,Fase 6,17,8.0,9.666666666666666,6.26,10.002,8.833333333333332,8.131
81,Fase 6,16,7.5,9.333333333333334,6.26,9.168,8.416666666666668,7.7139999999999995
1630,Fase 6,16,7.333333333333333,9.833333333333334,7.51,8.334,8.583333333333334,7.922
171,Fase 6,18,8.333333333333334,7.833333333333333,5.635,7.5,8.083333333333334,6.5675
1220,Fase 6,18,7.666666666666667,8.555555555666666,6.885,7.083,8.111111111166666,6.984
1631,Fase 6,17,7.166666666666667,10.0,7.51,9.585,8.583333333333334,8.5475
1632,Fase 6,16,6.666666666666667,10.0,7.51,9.168,8.333333333333334,8.338999999999999
1210,Fase 6,17,5.5,10.0,7.51,9.585,7.75,8.5475
175,Fase 6,17,8.5,9.473684210666667,6.26,10.002,8.986842105333334,8.131
80,Fase 7,18,7.0,7.8961292116666675,8.13,8.751,7.448064605833334,8.4405
40,Fase 7,18,5.333333333333333,7.211257310000001,8.13,7.083,6.272295321666666,7.6065000000000005
1214,Fase 7,17,8.0,9.081527348,8.13,10.002,8.540763674,9.066
92,Fase 7,18,7.5,8.769145085,7.51,10.002,8.134572542499999,8.756
45,Fase 7,17,8.0,9.619047619,9.38,7.5,8.8095238095,8.440000000000001
56,Fase 7,17,7.666666666666667,9.265350877333333,10.0,10.002,8.466008772,10.001000000000001
57,Fase 7,18,6.166666666666667,6.010860484333333,6.88,9.585,6.0887635755,8.2325
58,Fase 7,17,7.333333333333333,9.824561403666666,7.51,9.585,8.5789473685,8.5475
78,Fase 7,19,7.5,8.028404344,8.755,8.751,7.764202172,8.753
87,Fase 7,17,9.166666666666666,9.649122807,9.375,8.751,9.407894736833333,9.062999999999999
64,Fase 7,18,8.166666666666666,8.980785296666667,8.135,10.002,8.573725981666666,9.0685
48,Fase 7,17,7.5,8.339076859,9.375,7.917,7.9195384295,8.646
1230,Fase 7,17,0.0,0.0,7.195,7.917,0.0,7.556
90,Fase 7,15,8.066666666666666,9.0,6.885,10.002,8.533333333333333,8.4435
269,Fase 7,15,8.200000000000001,9.6,7.505,9.168,8.9,8.3365
270,Fase 7,15,0.0,0.0,6.2575,9.168,0.0,7.71275
76,Fase 7,16,7.066666666666666,9.0,6.885,10.002,8.033333333333333,8.4435
153,Fase 7,16,0.0,0.0,6.5675,8.751,0.0,7.65925
1226,Fase 7,17,6.066666666666666,9.0,6.885,8.334,7.533333333333333,7.6095
93,Fase 7,17,7.483333333333333,9.931666667,6.2575,9.168,8.707500000166666,7.71275
119,Fase 7,16,7.366666666666667,9.983333333,6.57,7.083,8.674999999833332,6.8265
241,Fase 7,16,6.816666666666667,9.891666667,7.1975,10.002,8.354166666833335,8.59975
242,Fase 7,15,7.650000000000001,9.621,6.26,9.585,8.6355,7.9225
52,Fase 7,15,7.216666666666666,9.437666667,6.885,8.751,8.327166666833334,7.818
1227,Fase 7,17,0.0,0.0,7.195,8.751,0.0,7.973
245,Fase 7,16,8.033333333333333,9.953333333,6.885,9.168,8.993333333166667,8.026499999999999
246,Fase 7,15,0.0,0.0,6.57,8.334,0.0,7.452
1228,Fase 7,18,0.0,0.0,7.51,8.751,0.0,8.1305
1229,Fase 7,17,0.0,0.0,6.57,9.168,0.0,7.869
98,Fase 7,16,8.9,9.546,7.1975,9.585,9.222999999999999,8.39125
277,Fase 7,16,6.8999999999999995,9.741666667,6.5725,8.334,8.3208333335,7.45325
172,Fase 7,16,6.933333333333334,9.8,6.57,8.751,8.366666666666667,7.6605
291,Fase 7,15,6.166666666666667,9.737666667,6.26,8.751,7.9521666668333335,7.5055
86,Fase 7,18,5.483333333333333,9.704333333,6.57,6.667,7.593833333166666,6.6185
143,Fase 7,15,2.6333333333333333,9.92,6.885,10.002,6.276666666666666,8.4435
166,Fase 7,16,8.266666666666667,9.246,6.5725,8.334,8.756333333333334,7.45325
191,Fase 7,15,6.3999999999999995,9.571,5.945,7.5,7.9855,6.7225
